RIC,MAX(ACCOUNT_DATE)
8460.HK         ,20230331
8013.HK         ,20230228
0011.HK         ,20221231
1571.HK         ,20221231
1758.HK         ,20230228
0994.HK         ,20221231
9963.HK         ,20221231
0910.HK         ,20221231
8428.HK         ,20221231
8309.HK         ,20221231
8385.HK         ,20230331
0876.HK         ,20221231
3983.HK         ,20221231
8481.HK         ,20230331
3990.HK         ,20221231
3395.HK         ,20230331
1741.HK         ,20230331
1702.HK         ,20221231
8413.HK         ,20221231
0301.HK         ,20221231
8472.HK         ,20230331
1417.HK         ,20221231
8423.HK         ,20230331
8462.HK         ,20230331
1932.HK         ,20221231
1749.HK         ,20221231
8446.HK         ,20230331
0698.HK         ,20221231
1850.HK         ,20221031
1933.HK         ,20230331
2262.HK         ,20221231
8427.HK         ,20230228
1410.HK         ,20230331
1536.HK         ,20220930
1827.HK         ,20220930
8395.HK         ,20230331
2159.HK         ,20221231
2885.HK         ,20221231
1809.HK         ,20221231
2176.HK         ,20221231
1787.HK         ,20221231
1843.HK         ,20220930
3798.HK         ,20221231
8537.HK         ,20221231
RUAL.MM         ,20221231
8152.HK         ,20230331
1975.HK         ,20221231
1742.HK         ,20221031
3830.HK         ,20221031
0312.HK         ,20221231
8405.HK         ,20230331
8350.HK         ,20230331
8362.HK         ,20230331
2232.HK         ,20221231
2377.HK         ,20221231
6178.HK         ,20221231
0017.HK         ,20221231
1710.HK         ,20221231
1045.HK         ,20221231
8471.HK         ,20230331
8402.HK         ,20230331
1656.HK         ,20221231
8400.HK         ,20230331
6069.HK         ,20221231
2337.HK         ,20221231
8347.HK         ,20221231
1905.HK         ,20221231
1695.HK         ,20221231
9636.HK         ,20221231
8223.HK         ,20230331
0073.HK         ,20221231
8430.HK         ,20230331
6966.HK         ,20221231
9978.HK         ,20221231
0592.HK         ,20221231
1552.HK         ,20221231
6885.HK         ,20221231
8521.HK         ,20230331
8493.HK         ,20230331
1671.HK         ,20221231
8429.HK         ,20230331
8419.HK         ,20230331
0861.HK         ,20221231
8495.HK         ,20230331
2225.HK         ,20221231
1216.HK         ,20221231
8491.HK         ,20230331
8526.HK         ,20230331
8375.HK         ,20230331
1529.HK         ,20221231
1655.HK         ,20221231
0756.HK         ,20221231
8383.HK         ,20230228
8275.HK         ,20221231
0353.HK         ,20220930
1548.HK         ,20221231
2708.HK         ,20220930
1475.HK         ,20230331
2269.HK         ,20221231
0467.HK         ,20221231
8480.HK         ,20230331
6038.HK         ,20221231
2448.HK         ,20221231
8612.HK         ,20230331
1720.HK         ,20221231
3878.HK         ,20220930
0788.HK         ,20221231
1481.HK         ,20221231
8437.HK         ,20221231
6829.HK         ,20220930
8448.HK         ,20221231
2778.HK         ,20221231
8476.HK         ,20230331
1763.HK         ,20221231
6118.HK         ,20221231
6080.HK         ,20220930
1931.HK         ,20221231
2292.HK         ,20221231
1783.HK         ,20220930
0784.HK         ,20220930
8392.HK         ,20221231
6928.HK         ,20221231
1693.HK         ,20220930
0151.HK         ,20220930
3738.HK         ,20221231
8065.HK         ,20230331
8377.HK         ,20230331
600801.SS       ,20230331
2122.HK         ,20221231
BZ.O            ,20230331
9985.HK         ,20221231
1300.HK         ,20221231
8257.HK         ,20230331
8287.HK         ,20220630
6182.HK         ,20220930
2683.HK         ,20230331
8285.HK         ,20230331
6036.HK         ,20221231
8371.HK         ,20221231
8450.HK         ,20230331
1682.HK         ,20220930
6881.HK         ,20221231
9689.HK         ,20230331
8136.HK         ,20230331
8501.HK         ,20221231
8040.HK         ,20221231
2022.HK         ,20221231
8483.HK         ,20230331
2182.HK         ,20221231
1183.HK         ,20221231
1427.HK         ,20221231
8456.HK         ,20221231
8535.HK         ,20230331
8536.HK         ,20230331
3309.HK         ,20221231
8117.HK         ,20230331
1735.HK         ,20221231
8473.HK         ,20230331
8523.HK         ,20221231
8426.HK         ,20230331
8422.HK         ,20230331
8313.HK         ,20230331
2863.HK         ,20230331
1729.HK         ,20220930
1706.HK         ,20221231
1722.HK         ,20221231
1737.HK         ,20220930
8367.HK         ,20221231
1825.HK         ,20220930
8107.HK         ,20230331
0732.HK         ,20221231
601326.SS       ,20230331
8527.HK         ,20230331
3699.HK         ,20221231
1621.HK         ,20220930
1750.HK         ,20221231
8487.HK         ,20230331
0839.HK         ,20230228
8401.HK         ,20230331
1978.HK         ,20221231
1628.HK         ,20221231
1451.HK         ,20221231
8103.HK         ,20221231
8510.HK         ,20230331
2025.HK         ,20221231
8532.HK         ,20230331
9926.HK         ,20221231
1665.HK         ,20230331
1651.HK         ,20220930
1582.HK         ,20221231
1723.HK         ,20220930
8490.HK         ,20230331
8436.HK         ,20230331
2139.HK         ,20221231
8053.HK         ,20221231
8168.HK         ,20230331
8445.HK         ,20221231
2298.HK         ,20221231
8188.HK         ,20230331
8391.HK         ,20230331
8140.HK         ,20230331
8043.HK         ,20230331
3319.HK         ,20221231
1402.HK         ,20230331
9936.HK         ,20221231
0970.HK         ,20220930
8372.HK         ,20230331
8151.HK         ,20220930
6158.HK         ,20221231
8146.HK         ,20230331
1615.HK         ,20221231
8511.HK         ,20221231
2458.HK         ,20221231
1635.HK         ,20221231
8507.HK         ,20221231
2116.HK         ,20221231
1713.HK         ,20221231
8017.HK         ,20230331
8512.HK         ,20230331
8540.HK         ,20230331
8241.HK         ,20221231
1598.HK         ,20221231
1715.HK         ,20221231
0772.HK         ,20221231
8373.HK         ,20230331
1620.HK         ,20221231
2611.HK         ,20221231
6133.HK         ,20221231
1752.HK         ,20221231
2779.HK         ,20221231
2858.HK         ,20221231
1997.HK         ,20221231
8403.HK         ,20230331
8305.HK         ,20230331
8451.HK         ,20230331
2219.HK         ,20221231
1592.HK         ,20221231
8357.HK         ,20230331
1587.HK         ,20221231
2227.HK         ,20221231
8482.HK         ,20221231
8379.HK         ,20230331
0662.HK         ,20221231
8631.HK         ,20230331
8622.HK         ,20230331
1705.HK         ,20220930
1727.HK         ,20221231
8545.HK         ,20221231
0582.HK         ,20221231
8502.HK         ,20230331
1730.HK         ,20230331
8525.HK         ,20230331
9930.HK         ,20221231
8513.HK         ,20230331
8509.HK         ,20230331
1756.HK         ,20230228
1711.HK         ,20220930
8519.HK         ,20230331
9900.HK         ,20220930
1772.HK         ,20221231
0526.HK         ,20220930
1820.HK         ,20221231
1815.HK         ,20221231
1969.HK         ,20230228
1034.HK         ,20221231
8219.HK         ,20230331
2003.HK         ,20221231
1833.HK         ,20221231
1652.HK         ,20221231
8516.HK         ,20221231
1286.HK         ,20221231
6110.HK         ,20230228
8606.HK         ,20230331
1716.HK         ,20220930
1916.HK         ,20221231
1910.HK         ,20230331
1576.HK         ,20221231
8475.HK         ,20230228
1725.HK         ,20221231
0998.HK         ,20230331
1760.HK         ,20221231
0807.HK         ,20230331
8547.HK         ,20230331
2230.HK         ,20220930
1653.HK         ,20220930
1773.HK         ,20230228
8613.HK         ,20230331
8042.HK         ,20230331
8609.HK         ,20221231
3700.HK         ,20221231
1721.HK         ,20221231
1912.HK         ,20221231
2051.HK         ,20221231
8611.HK         ,20230228
1765.HK         ,20230228
8447.HK         ,20230331
1726.HK         ,20221231
1968.HK         ,20221231
1996.HK         ,20221231
6860.HK         ,20221231
2798.HK         ,20221231
1746.HK         ,20221231
8621.HK         ,20230331
1842.HK         ,20221231
6190.HK         ,20221231
2346.HK         ,20210630
1739.HK         ,20221231
1748.HK         ,20221231
0797.HK         ,20221231
2696.HK         ,20221231
6100.HK         ,20230331
1503.HK         ,20221231
1408.HK         ,20221231
MSFT.O          ,20230331
1545.HK         ,20221231
1977.HK         ,20221231
6111.HK         ,20220630
2048.HK         ,20221231
1810.HK         ,20230331
2628.HK         ,20221231
1672.HK         ,20221231
1890.HK         ,20230228
8601.HK         ,20230331
2682.HK         ,20220930
1790.HK         ,20221231
6862.HK         ,20221231
1235.HK         ,20220930
1757.HK         ,20220930
6162.HK         ,20221231
2296.HK         ,20210630
1894.HK         ,20220930
1939.HK         ,20220930
2258.HK         ,20221231
0270.HK         ,20221231
6890.HK         ,20221231
0564.HK         ,20221231
3601.HK         ,20221231
6098.HK         ,20221231
8635.HK         ,20221231
6663.HK         ,20230331
1903.HK         ,20221231
1837.HK         ,20221231
8603.HK         ,20221231
0780.HK         ,20230331
3690.HK         ,20230331
1407.HK         ,20221231
1851.HK         ,20221231
1540.HK         ,20221231
1796.HK         ,20230331
8210.HK         ,20230331
1911.HK         ,20220630
1731.HK         ,20221231
1835.HK         ,20221231
1785.HK         ,20230331
1793.HK         ,20220930
3978.HK         ,20221231
1775.HK         ,20230131
2892.HK         ,20221231
3321.HK         ,20211231
1762.HK         ,20221231
1987.HK         ,20221231
1849.HK         ,20221231
9866.HK         ,20230331
2360.HK         ,20230331
2129.HK         ,20221231
8619.HK         ,20221231
1703.HK         ,20220930
8337.HK         ,20230331
1472.HK         ,20220930
6185.HK         ,20221231
8620.HK         ,20221231
1797.HK         ,20221130
1767.HK         ,20221231
1873.HK         ,20221231
1780.HK         ,20230331
8489.HK         ,20230331
8627.HK         ,20230331
1877.HK         ,20221231
6160.HK         ,20230331
2356.HK         ,20221231
1995.HK         ,20221231
2013.HK         ,20221231
1872.HK         ,20221231
2181.HK         ,20221231
8607.HK         ,20230331
2680.HK         ,20230228
2552.HK         ,20221231
1891.HK         ,20221231
1983.HK         ,20221231
0987.HK         ,20221231
8200.HK         ,20221231
1865.HK         ,20220930
8096.HK         ,20221231
1753.HK         ,20221231
0321.HK         ,20230331
3692.HK         ,20221231
0924.HK         ,20221231
2019.HK         ,20221231
1755.HK         ,20221231
1801.HK         ,20221231
3616.HK         ,20221231
3877.HK         ,20221231
1935.HK         ,20221231
1761.HK         ,20221231
2616.HK         ,20221231
1209.HK         ,20221231
0989.HK         ,20220930
2158.HK         ,20220930
8049.HK         ,20230331
2107.HK         ,20221231
6055.HK         ,20221231
1880.HK         ,20221231
1896.HK         ,20221231
1848.HK         ,20221231
3660.HK         ,20230331
2405.HK         ,20221231
8368.HK         ,20230331
6049.HK         ,20221231
0667.HK         ,20221231
9938.HK         ,20220930
9919.HK         ,20221231
1992.HK         ,20221231
8645.HK         ,20230331
9626.HK         ,20230331
6680.HK         ,20221231
6909.HK         ,20221231
1941.HK         ,20221231
9658.HK         ,20221231
2078.HK         ,20221231
9858.HK         ,20221231
3322.HK         ,20221231
2518.HK         ,20230331
2660.HK         ,20221231
6696.HK         ,20221231
0311.HK         ,20221231
2115.HK         ,20221231
6929.HK         ,20221231
1747.HK         ,20221231
6968.HK         ,20221231
1433.HK         ,20221231
1097.HK         ,20221231
3603.HK         ,20221231
9983.HK         ,20221231
2015.HK         ,20230331
1228.HK         ,20221231
1951.HK         ,20221231
6638.HK         ,20230331
8039.HK         ,20221231
1795.HK         ,20221231
1971.HK         ,20221231
1477.HK         ,20221231
9886.HK         ,20221231
1817.HK         ,20221231
2120.HK         ,20221231
1025.HK         ,20220930
1952.HK         ,20221231
2279.HK         ,20221231
9888.HK         ,20230331
2439.HK         ,20221231
2137.HK         ,20221231
2108.HK         ,20221231
1960.HK         ,20221231
2297.HK         ,20221231
2237.HK         ,20221231
3681.HK         ,20221231
2110.HK         ,20221130
9633.HK         ,20221231
6639.HK         ,20220930
2117.HK         ,20220630
6820.HK         ,20221231
8087.HK         ,20230331
6668.HK         ,20221231
9608.HK         ,20221231
2209.HK         ,20221231
1965.HK         ,20221231
9863.HK         ,20221231
0899.HK         ,20220930
1759.HK         ,20221231
3393.HK         ,20221231
9966.HK         ,20221231
3390.HK         ,20221231
6622.HK         ,20221231
1156.HK         ,20221231
9982.HK         ,20221231
1463.HK         ,20221231
2167.HK         ,20221231
2148.HK         ,20221231
1490.HK         ,20221231
2057.HK         ,20230331
9968.HK         ,20220630
0587.HK         ,20221231
6913.HK         ,20221231
AMGN.O          ,20230331
6078.HK         ,20221231
2422.HK         ,20221231
0368.HK         ,20221231
2772.HK         ,20221231
2191.HK         ,20221231
1667.HK         ,20220930
2295.HK         ,20221231
1516.HK         ,20221231
6805.HK         ,20221231
6601.HK         ,20221231
9857.HK         ,20221231
0060.HK         ,20220930
2361.HK         ,20221231
9699.HK         ,20221231
6699.HK         ,20221231
3316.HK         ,20221231
1769.HK         ,20221231
2161.HK         ,20230331
1283.HK         ,20220930
7836.HK         ,20221231
6996.HK         ,20221231
6609.HK         ,20221231
1745.HK         ,20221231
1901.HK         ,20221231
1413.HK         ,20220930
1917.HK         ,20221231
2251.HK         ,20221231
6969.HK         ,20221231
2197.HK         ,20221231
9986.HK         ,20220630
6900.HK         ,20221231
6623.HK         ,20230331
1650.HK         ,20221231
2163.HK         ,20221231
1981.HK         ,20221231
6955.HK         ,20221231
1204.HK         ,20221231
9869.HK         ,20221231
1897.HK         ,20230331
6666.HK         ,20221231
1163.HK         ,20221231
0055.HK         ,20221231
9939.HK         ,20221231
2135.HK         ,20221231
1940.HK         ,20221231
1442.HK         ,20221231
2386.HK         ,20221231
6610.HK         ,20221231
AMAT.O          ,20230430
9928.HK         ,20221231
9989.HK         ,20221231
1942.HK         ,20221231
1429.HK         ,20220930
6821.HK         ,20230331
1847.HK         ,20221231
1821.HK         ,20221231
6690.HK         ,20221231
9996.HK         ,20221231
0854.HK         ,20230331
9896.HK         ,20230331
2469.HK         ,20221231
1930.HK         ,20221231
9969.HK         ,20221231
1961.HK         ,20221231
2168.HK         ,20221231
2528.HK         ,20221231
1859.HK         ,20220630
9998.HK         ,20221231
8147.HK         ,20230331
2060.HK         ,20221231
2101.HK         ,20221231
2402.HK         ,20230331
9933.HK         ,20221231
0980.HK         ,20221231
1217.HK         ,20221231
2256.HK         ,20221231
1563.HK         ,20221231
1244.HK         ,20221231
2442.HK         ,20220630
2147.HK         ,20221231
8659.HK         ,20230331
1950.HK         ,20221231
2487.HK         ,20221231
2500.HK         ,20221231
2152.HK         ,20211231
1645.HK         ,20221231
2411.HK         ,20221231
9600.HK         ,20221231
2618.HK         ,20230331
6819.HK         ,20221231
6918.HK         ,20220630
6919.HK         ,20221231
2216.HK         ,20221231
1199.HK         ,20230331
1860.HK         ,20230331
1115.HK         ,20221231
0589.HK         ,20221231
1675.HK         ,20221231
3759.HK         ,20221231
2270.HK         ,20221231
2170.HK         ,20221231
1937.HK         ,20221231
1502.HK         ,20221231
1593.HK         ,20230228
1959.HK         ,20221231
1425.HK         ,20221231
9911.HK         ,20221231
601868.SS       ,20230331
9955.HK         ,20221231
6127.HK         ,20221231
2291.HK         ,20221231
2480.HK         ,20221231
6063.HK         ,20220930
2869.HK         ,20221231
3928.HK         ,20230331
2321.HK         ,20221231
1601.HK         ,20221231
8500.HK         ,20230331
6939.HK         ,20221231
6611.HK         ,20221231
6998.HK         ,20221231
6993.HK         ,20221231
2246.HK         ,20221231
1134.HK         ,20221231
1949.HK         ,20221231
1955.HK         ,20220930
2450.HK         ,20221231
9918.HK         ,20221231
1832.HK         ,20221231
6661.HK         ,20221231
6933.HK         ,20221231
2130.HK         ,20221231
2185.HK         ,20221231
2096.HK         ,20221231
1921.HK         ,20221231
2239.HK         ,20221231
2127.HK         ,20221231
1846.HK         ,20221231
9923.HK         ,20221231
1683.HK         ,20221231
2367.HK         ,20221231
6806.HK         ,20221231
0909.HK         ,20221231
2350.HK         ,20220930
9616.HK         ,20221231
9958.HK         ,20221231
2145.HK         ,20221231
6193.HK         ,20221231
0382.HK         ,20230228
2418.HK         ,20221231
1024.HK         ,20230331
1542.HK         ,20221231
0474.HK         ,20220930
1426.HK         ,20221231
9666.HK         ,20221231
1553.HK         ,20221231
0092.HK         ,20221231
2162.HK         ,20221231
1179.HK         ,20230331
6669.HK         ,20221231
8178.HK         ,20230331
2427.HK         ,20221231
9906.HK         ,20221231
3348.HK         ,20221231
1853.HK         ,20221231
1925.HK         ,20221231
1871.HK         ,20221231
2421.HK         ,20220930
2273.HK         ,20221231
2121.HK         ,20221231
2180.HK         ,20221231
9993.HK         ,20221231
1922.HK         ,20221231
9991.HK         ,20230331
2207.HK         ,20221231
2169.HK         ,20221231
2250.HK         ,20221231
9977.HK         ,20221231
2156.HK         ,20221231
1920.HK         ,20221231
2187.HK         ,20221231
2231.HK         ,20221231
3668.HK         ,20221231
0529.HK         ,20221231
2217.HK         ,20230331
0606.HK         ,20221231
1895.HK         ,20220630
9618.HK         ,20230331
8208.HK         ,20230331
9922.HK         ,20221231
2486.HK         ,20221231
1084.HK         ,20221231
1802.HK         ,20211231
0842.HK         ,20221231
1153.HK         ,20220630
8657.HK         ,20230331
1401.HK         ,20221231
0746.HK         ,20221231
2285.HK         ,20221231
1379.HK         ,20221231
6922.HK         ,20221231
2179.HK         ,20221231
1473.HK         ,20220930
7801.HK         ,20221231
0544.HK         ,20221231
6811.HK         ,20221231
2142.HK         ,20221231
601988.SS       ,20230331
9668.HK         ,20221231
1855.HK         ,20221231
1666.HK         ,20221231
1412.HK         ,20221231
3931.HK         ,20221231
9997.HK         ,20221231
8051.HK         ,20230331
6199.HK         ,20221231
1717.HK         ,20221231
2415.HK         ,20221231
0838.HK         ,20221231
2558.HK         ,20221231
1839.HK         ,20220331
9868.HK         ,20230331
3833.HK         ,20221231
1147.HK         ,20221231
2195.HK         ,20221231
1943.HK         ,20230331
9990.HK         ,20221231
1967.HK         ,20221231
2381.HK         ,20221231
1167.HK         ,20221231
0160.HK         ,20220930
1406.HK         ,20220331
9899.HK         ,20221231
6677.HK         ,20221231
1947.HK         ,20221231
6616.HK         ,20221231
9877.HK         ,20221231
0884.HK         ,20221231
1692.HK         ,20221231
2347.HK         ,20220930
3913.HK         ,20221231
1455.HK         ,20220930
1902.HK         ,20221231
1906.HK         ,20221231
2132.HK         ,20220930
2599.HK         ,20220630
1343.HK         ,20221231
2436.HK         ,20220630
2409.HK         ,20221231
003816.SZ       ,20230331
2177.HK         ,20221231
1449.HK         ,20230228
2125.HK         ,20221231
2359.HK         ,20230331
9913.HK         ,20220930
2155.HK         ,20221231
6628.HK         ,20221231
7841.HK         ,20221231
2215.HK         ,20221231
6606.HK         ,20221231
1597.HK         ,20221231
8668.HK         ,20230331
2171.HK         ,20221231
8646.HK         ,20230331
0302.HK         ,20221231
6600.HK         ,20221231
1440.HK         ,20221231
2400.HK         ,20221231
1346.HK         ,20221231
8623.HK         ,20230331
0085.HK         ,20221231
6988.HK         ,20221231
6626.HK         ,20221231
1936.HK         ,20221231
6958.HK         ,20221231
1640.HK         ,20221231
8003.HK         ,20221231
3347.HK         ,20221231
9988.HK         ,20230331
2157.HK         ,20221231
0775.HK         ,20221231
2602.HK         ,20221231
1119.HK         ,20221231
2189.HK         ,20220930
2373.HK         ,20221231
0873.HK         ,20221231
1525.HK         ,20221231
6093.HK         ,20221231
2265.HK         ,20221231
2718.HK         ,20221231
1740.HK         ,20221231
6186.HK         ,20221231
3828.HK         ,20221231
8418.HK         ,20230331
2260.HK         ,20221231
1521.HK         ,20221231
2376.HK         ,20221231
2459.HK         ,20221231
1957.HK         ,20221231
1691.HK         ,20221231
2315.HK         ,20221231
1643.HK         ,20221231
1719.HK         ,20221231
3680.HK         ,20221231
1876.HK         ,20230331
9909.HK         ,20221231
8282.HK         ,20230331
2392.HK         ,20221231
9929.HK         ,20221231
1870.HK         ,20221231
0199.HK         ,20220930
3662.HK         ,20221231
3938.HK         ,20220930
1146.HK         ,20221231
0020.HK         ,20221231
1376.HK         ,20221231
1351.HK         ,20221231
9995.HK         ,20221231
1416.HK         ,20230228
3658.HK         ,20221231
2165.HK         ,20221231
1845.HK         ,20221231
0314.HK         ,20221231
1927.HK         ,20221231
6117.HK         ,20221231
2160.HK         ,20221231
2131.HK         ,20221231
1501.HK         ,20221231
8617.HK         ,20230331
6989.HK         ,20221231
2370.HK         ,20220630
1861.HK         ,20221231
9999.HK         ,20230331
1701.HK         ,20221231
8080.HK         ,20221231
6999.HK         ,20221231
0123.HK         ,20221231
2416.HK         ,20221231
3718.HK         ,20221231
8616.HK         ,20221231
6978.HK         ,20221231
6618.HK         ,20221231
1489.HK         ,20220930
9960.HK         ,20221231
1875.HK         ,20221231
0434.HK         ,20230331
0816.HK         ,20221231
2263.HK         ,20220930
1608.HK         ,20221231
2385.HK         ,20221231
9992.HK         ,20221231
9901.HK         ,20221130
2325.HK         ,20221231
2210.HK         ,20221231
2257.HK         ,20221231
9916.HK         ,20221231
6660.HK         ,20221231
6698.HK         ,20221231
2433.HK         ,20221231
9979.HK         ,20221231
9878.HK         ,20221231
1066.HK         ,20221231
6878.HK         ,20221231
2457.HK         ,20221231
8496.HK         ,20230331
6855.HK         ,20221231
601658.SS       ,20230331
6979.HK         ,20221231
9908.HK         ,20221231
9898.HK         ,20230331
2372.HK         ,20221231
3896.HK         ,20230331
1220.HK         ,20220930
9688.HK         ,20230331
2146.HK         ,20221231
6608.HK         ,20221231
1953.HK         ,20221031
3611.HK         ,20221231
1945.HK         ,20221231
2175.HK         ,20220228
3686.HK         ,20221231
600941.SS       ,20230331
9698.HK         ,20230331
2172.HK         ,20221231
9956.HK         ,20221231
9961.HK         ,20230331
2126.HK         ,20221231
2192.HK         ,20221231
2455.HK         ,20221231
2235.HK         ,20221231
0524.HK         ,20221231
2252.HK         ,20221231
2245.HK         ,20221231
2482.HK         ,20221231
2150.HK         ,20221231
2407.HK         ,20221231
1247.HK         ,20221231
2205.HK         ,20220630
2352.HK         ,20221231
9959.HK         ,20221231
9696.HK         ,20221231
6633.HK         ,20221231
2190.HK         ,20221231
2391.HK         ,20230331
6689.HK         ,20221231
2423.HK         ,20230331
6667.HK         ,20221231
1948.HK         ,20221231
2306.HK         ,20221231
2390.HK         ,20230331
8226.HK         ,20230331
8112.HK         ,20230331
2276.HK         ,20221231
7855.HK         ,20221231
2420.HK         ,20221231
0685.HK         ,20230331
2425.HK         ,20221231
0064.HK         ,20220930
7827.HK         ,20221231
1405.HK         ,20221231
2440.HK         ,20221231
9669.HK         ,20220930
CSCO.O          ,20230429
INTC.O          ,20230401
SBUX.O          ,20230402
STAN.L          ,20230331
9638.HK         ,20221231
0069.HK         ,20221231
1038.HK         ,20221231
0019.HK         ,20221231
0511.HK         ,20221231
0023.HK         ,20221231
0315.HK         ,20221231
0267.HK         ,20221231
0041.HK         ,20221231
0291.HK         ,20221231
0010.HK         ,20221231
0012.HK         ,20221231
0003.HK         ,20221231
0242.HK         ,20221231
0045.HK         ,20221231
0006.HK         ,20221231
0363.HK         ,20221231
0083.HK         ,20221231
0522.HK         ,20230331
9983.T          ,20230228
0900.HK         ,20230228
0030.HK         ,20210930
0392.HK         ,20221231
0308.HK         ,20221231
0057.HK         ,20220930
1123.HK         ,20220930
0341.HK         ,20230331
1093.HK         ,20230331
1938.HK         ,20221231
0585.HK         ,20221231
0418.HK         ,20221231
0694.HK         ,20221231
0393.HK         ,20221231
0506.HK         ,20221231
0135.HK         ,20221231
0440.HK         ,20221231
0144.HK         ,20221231
0688.HK         ,20221231
0066.HK         ,20221231
8072.HK         ,20230331
0004.HK         ,20221231
1052.HK         ,20221231
1044.HK         ,20221231
0053.HK         ,20221231
0480.HK         ,20230331
0113.HK         ,20230331
0293.HK         ,20221231
1176.HK         ,20221231
0330.HK         ,20221231
0101.HK         ,20221231
0583.HK         ,20221231
0178.HK         ,20230331
0255.HK         ,20221231
0137.HK         ,20221231
1686.HK         ,20221231
0243.HK         ,20221031
0710.HK         ,20221231
0760.HK         ,20221231
0050.HK         ,20221231
1989.HK         ,20230331
0167.HK         ,20220630
1200.HK         ,20221231
1138.HK         ,20221231
1170.HK         ,20220930
1109.HK         ,20221231
1202.HK         ,20221231
1098.HK         ,20221231
0638.HK         ,20220930
8033.HK         ,20230331
0670.HK         ,20221231
0696.HK         ,20221231
0966.HK         ,20221231
8021.HK         ,20230131
2383.HK         ,20221231
1357.HK         ,20221231
0593.HK         ,20221231
0921.HK         ,20230331
0676.HK         ,20221231
1205.HK         ,20221231
1071.HK         ,20221231
0831.HK         ,20221231
2886.HK         ,20221231
0576.HK         ,20230331
0148.HK         ,20221231
0420.HK         ,20221231
0722.HK         ,20221231
0914.HK         ,20221231
0038.HK         ,20230331
0518.HK         ,20220930
0124.HK         ,20221231
0345.HK         ,20230331
3968.HK         ,20230331
0874.HK         ,20230331
0323.HK         ,20230331
0042.HK         ,20221231
0165.HK         ,20221231
1166.HK         ,20221231
0347.HK         ,20230331
3339.HK         ,20221231
0719.HK         ,20230331
8006.HK         ,20230331
0168.HK         ,20230331
1272.HK         ,20221231
0682.HK         ,20221231
0046.HK         ,20221231
2329.HK         ,20221231
1122.HK         ,20221231
0358.HK         ,20221231
1053.HK         ,20230331
0995.HK         ,20221231
0316.HK         ,20221231
0754.HK         ,20221231
0317.HK         ,20230331
0751.HK         ,20221231
8026.HK         ,20221231
0450.HK         ,20221231
0626.HK         ,20221231
0984.HK         ,20221231
0551.HK         ,20230331
0683.HK         ,20221231
0717.HK         ,20230331
0062.HK         ,20221231
1225.HK         ,20221231
1083.HK         ,20221231
0553.HK         ,20230331
1072.HK         ,20230331
2324.HK         ,20230331
1046.HK         ,20221231
0018.HK         ,20230331
0747.HK         ,20221231
0983.HK         ,20221231
8095.HK         ,20230331
8270.HK         ,20230331
0245.HK         ,20221231
0125.HK         ,20220930
2023.HK         ,20221231
0693.HK         ,20221231
1070.HK         ,20221231
8028.HK         ,20230331
0322.HK         ,20221231
0610.HK         ,20221231
0548.HK         ,20230331
1313.HK         ,20230331
0809.HK         ,20221231
0187.HK         ,20230331
1133.HK         ,20221231
1108.HK         ,20230331
0367.HK         ,20220930
0177.HK         ,20230331
8005.HK         ,20230331
1229.HK         ,20220930
0731.HK         ,20221231
0519.HK         ,20221231
0815.HK         ,20221231
3600.HK         ,20221231
0237.HK         ,20220930
1073.HK         ,20221231
0590.HK         ,20220930
0129.HK         ,20220930
0373.HK         ,20221231
0071.HK         ,20221231
0156.HK         ,20221231
0279.HK         ,20220930
0306.HK         ,20220930
0186.HK         ,20220930
1196.HK         ,20221231
1221.HK         ,20221231
0439.HK         ,20221231
0119.HK         ,20221231
0715.HK         ,20221231
0294.HK         ,20220930
0432.HK         ,20221231
0028.HK         ,20221231
8032.HK         ,20230331
0227.HK         ,20221231
0621.HK         ,20220930
0058.HK         ,20221231
0032.HK         ,20221231
0491.HK         ,20221231
0305.HK         ,20221231
0105.HK         ,20220930
0295.HK         ,20221231
1120.HK         ,20221231
0451.HK         ,20221231
0269.HK         ,20220930
0711.HK         ,20220930
0052.HK         ,20220930
0118.HK         ,20221231
0258.HK         ,20221231
0996.HK         ,20210630
1063.HK         ,20221231
0207.HK         ,20221231
0398.HK         ,20230331
0088.HK         ,20220930
0224.HK         ,20220930
0588.HK         ,20221231
1165.HK         ,20221231
0657.HK         ,20230331
0122.HK         ,20230131
1182.HK         ,20220930
0938.HK         ,20220930
0334.HK         ,20221231
1065.HK         ,20210630
0677.HK         ,20230331
0616.HK         ,20220930
0051.HK         ,20221231
0604.HK         ,20221231
0226.HK         ,20221231
2030.HK         ,20221231
1050.HK         ,20220930
0126.HK         ,20220930
0163.HK         ,20220930
0084.HK         ,20220930
0287.HK         ,20220930
0495.HK         ,20221231
0547.HK         ,20221231
0488.HK         ,20230131
0738.HK         ,20230228
1047.HK         ,20221231
0851.HK         ,20221231
0406.HK         ,20220930
0771.HK         ,20221231
0716.HK         ,20221231
0328.HK         ,20220930
0882.HK         ,20221231
1105.HK         ,20221231
0684.HK         ,20220930
0082.HK         ,20221231
0752.HK         ,20221031
2008.HK         ,20221231
0114.HK         ,20220930
0146.HK         ,20221231
0222.HK         ,20221231
0650.HK         ,20220930
0342.HK         ,20210630
0603.HK         ,20221231
0103.HK         ,20221231
0061.HK         ,20221231
0894.HK         ,20221231
0928.HK         ,20220930
0171.HK         ,20221231
0458.HK         ,20221231
1629.HK         ,20221231
0608.HK         ,20221231
0403.HK         ,20220930
0570.HK         ,20221231
0388.HK         ,20230331
0369.HK         ,20221231
0542.HK         ,20221231
0560.HK         ,20221231
0627.HK         ,20221231
0641.HK         ,20221231
0383.HK         ,20221231
0002.HK         ,20221231
0236.HK         ,20221231
0769.HK         ,20221231
PRU.L           ,20221231
0532.HK         ,20221231
0179.HK         ,20230331
0247.HK         ,20221231
0510.HK         ,20221231
0250.HK         ,20221231
0097.HK         ,20221231
0025.HK         ,20220930
8281.HK         ,20230331
0643.HK         ,20221231
0613.HK         ,20221231
0280.HK         ,20220930
0770.HK         ,20221231
0485.HK         ,20220930
1125.HK         ,20230131
1036.HK         ,20221231
0035.HK         ,20220930
0080.HK         ,20221231
0127.HK         ,20221231
0525.HK         ,20221231
0669.HK         ,20221231
0142.HK         ,20221231
0040.HK         ,20230331
0517.HK         ,20221231
0133.HK         ,20221231
0152.HK         ,20221231
0138.HK         ,20221231
0425.HK         ,20221231
0158.HK         ,20230331
0411.HK         ,20221231
0256.HK         ,20221231
1055.HK         ,20221231
8406.HK         ,20230331
0857.HK         ,20230331
MFC.TO          ,20230331
0992.HK         ,20230331
0008.HK         ,20221231
0991.HK         ,20221231
0107.HK         ,20221231
0303.HK         ,20230331
0016.HK         ,20221231
0086.HK         ,20221231
1712.HK         ,20221231
1114.HK         ,20221231
1137.HK         ,20221231
0883.HK         ,20221231
0709.HK         ,20221231
2293.HK         ,20221231
0014.HK         ,20221231
0648.HK         ,20171231
0659.HK         ,20221231
2188.HK         ,20221231
0154.HK         ,20221231
0622.HK         ,20221231
1177.HK         ,20221231
1168.HK         ,20221231
0027.HK         ,20221231
0865.HK         ,20221231
0188.HK         ,20221231
0232.HK         ,20221231
0332.HK         ,20220930
0941.HK         ,20230331
0902.HK         ,20221231
0338.HK         ,20221231
0386.HK         ,20221231
1171.HK         ,20221231
0762.HK         ,20230331
2388.HK         ,20221231
0472.HK         ,20221231
0343.HK         ,20220930
0251.HK         ,20221231
0500.HK         ,20221231
0601.HK         ,20221231
0993.HK         ,20221231
0202.HK         ,20220930
0214.HK         ,20220930
0130.HK         ,20220930
0128.HK         ,20221231
0934.HK         ,20221231
0858.HK         ,20220930
1443.HK         ,20220930
0668.HK         ,20221231
0385.HK         ,20221231
0297.HK         ,20221231
0292.HK         ,20220930
8325.HK         ,20221231
0377.HK         ,20221231
1104.HK         ,20221231
0241.HK         ,20230331
0375.HK         ,20220930
0455.HK         ,20221231
0176.HK         ,20221231
1118.HK         ,20221231
0888.HK         ,20221231
1180.HK         ,20221231
2369.HK         ,20221231
0021.HK         ,20221231
0408.HK         ,20221231
0915.HK         ,20221231
0182.HK         ,20221231
1159.HK         ,20220630
0687.HK         ,20221231
0075.HK         ,20221231
1189.HK         ,20220630
0704.HK         ,20221231
1173.HK         ,20220930
0132.HK         ,20221231
0094.HK         ,20221231
0333.HK         ,20221231
0271.HK         ,20221231
0252.HK         ,20220930
0070.HK         ,20221231
1126.HK         ,20221231
0197.HK         ,20221231
0351.HK         ,20221231
0611.HK         ,20221231
0768.HK         ,20230331
0225.HK         ,20230331
0205.HK         ,20221231
0508.HK         ,20220930
0266.HK         ,20220930
1193.HK         ,20221231
0184.HK         ,20221231
0557.HK         ,20221231
0191.HK         ,20230131
1184.HK         ,20221231
1164.HK         ,20221231
1033.HK         ,20221231
0635.HK         ,20221231
0273.HK         ,20221231
0147.HK         ,20220930
0498.HK         ,20220930
0990.HK         ,20221231
2088.HK         ,20221231
0230.HK         ,20221231
0397.HK         ,20221231
1037.HK         ,20221231
1373.HK         ,20221031
0620.HK         ,20221231
0031.HK         ,20221231
6858.HK         ,20230331
2600.HK         ,20221231
0931.HK         ,20220930
1075.HK         ,20221231
0264.HK         ,20221231
0169.HK         ,20221231
0384.HK         ,20220930
0362.HK         ,20221231
0907.HK         ,20220930
1076.HK         ,20211231
0927.HK         ,20220930
0274.HK         ,20221231
0702.HK         ,20221231
1211.HK         ,20230331
0655.HK         ,20221231
3848.HK         ,20221231
2883.HK         ,20221231
0728.HK         ,20230331
0357.HK         ,20221231
2488.HK         ,20221231
0598.HK         ,20230331
2119.HK         ,20221231
0166.HK         ,20221231
8011.HK         ,20220930
0268.HK         ,20221231
1100.HK         ,20221231
1172.HK         ,20220930
0157.HK         ,20221231
1207.HK         ,20220630
0912.HK         ,20220930
1094.HK         ,20220930
2323.HK         ,20221231
0204.HK         ,20220930
1001.HK         ,20220930
1161.HK         ,20230331
2688.HK         ,20221231
1198.HK         ,20221231
6113.HK         ,20221231
0265.HK         ,20221231
0697.HK         ,20221231
0229.HK         ,20221231
2007.HK         ,20221231
8081.HK         ,20230331
0173.HK         ,20221231
0093.HK         ,20221231
0723.HK         ,20220930
1459.HK         ,20221231
0078.HK         ,20221231
0943.HK         ,20221231
601398.SS       ,20230331
0718.HK         ,20221231
2327.HK         ,20221231
1385.HK         ,20230331
0260.HK         ,20220630
0720.HK         ,20221231
2330.HK         ,20221231
8153.HK         ,20221231
0276.HK         ,20230331
1079.HK         ,20221231
0372.HK         ,20220930
0211.HK         ,20220930
8009.HK         ,20221231
8001.HK         ,20221231
0209.HK         ,20221231
0645.HK         ,20220930
0361.HK         ,20220630
0034.HK         ,20221231
2317.HK         ,20221231
2310.HK         ,20221231
2342.HK         ,20221231
2348.HK         ,20221231
8246.HK         ,20230331
0223.HK         ,20220930
0348.HK         ,20221231
1223.HK         ,20221231
2349.HK         ,20221231
8106.HK         ,20230331
0737.HK         ,20221231
0778.HK         ,20221231
2698.HK         ,20221231
8156.HK         ,20230331
2328.HK         ,20221231
2339.HK         ,20221231
2320.HK         ,20221231
2314.HK         ,20221231
0175.HK         ,20221231
0836.HK         ,20221231
0653.HK         ,20221231
2218.HK         ,20230331
2357.HK         ,20221231
8227.HK         ,20230331
0607.HK         ,20221231
0565.HK         ,20221231
2899.HK         ,20230331
2333.HK         ,20230331
CEWL.SI         ,20221231
1029.HK         ,20221231
0981.HK         ,20230331
2389.HK         ,20221231
8045.HK         ,20230331
0102.HK         ,20221231
0106.HK         ,20221231
1049.HK         ,20221231
1051.HK         ,20221231
1058.HK         ,20221231
1060.HK         ,20230331
1062.HK         ,20221231
2380.HK         ,20221231
1064.HK         ,20221231
1130.HK         ,20221231
1132.HK         ,20221231
1185.HK         ,20221231
2666.HK         ,20221231
1203.HK         ,20221231
1208.HK         ,20221231
1218.HK         ,20220930
0139.HK         ,20221231
2362.HK         ,20221231
0259.HK         ,20230331
0261.HK         ,20221231
0326.HK         ,20221231
0336.HK         ,20221231
0340.HK         ,20221231
0370.HK         ,20220930
0374.HK         ,20220930
0476.HK         ,20220930
0512.HK         ,20221231
0533.HK         ,20221231
0563.HK         ,20221231
0575.HK         ,20221231
0059.HK         ,20221231
0595.HK         ,20220930
0617.HK         ,20221231
0630.HK         ,20221231
0661.HK         ,20221231
0663.HK         ,20221231
0665.HK         ,20221231
0679.HK         ,20221231
0680.HK         ,20210630
0689.HK         ,20221231
0713.HK         ,20221231
0725.HK         ,20221231
0730.HK         ,20221231
0759.HK         ,20221031
0767.HK         ,20221231
0079.HK         ,20221231
8041.HK         ,20230331
0878.HK         ,20221231
0918.HK         ,20220930
0922.HK         ,20220930
0985.HK         ,20220930
0986.HK         ,20220930
0988.HK         ,20221231
8078.HK         ,20220331
8048.HK         ,20230331
8092.HK         ,20230331
8050.HK         ,20230331
8128.HK         ,20220930
1002.HK         ,20230131
8066.HK         ,20230331
0022.HK         ,20220930
0159.HK         ,20221231
0355.HK         ,20221231
0026.HK         ,20221231
0487.HK         ,20221231
0216.HK         ,20220930
0037.HK         ,20220930
0180.HK         ,20221231
0194.HK         ,20221231
0571.HK         ,20230131
0366.HK         ,20221231
0257.HK         ,20221231
1627.HK         ,20220930
0217.HK         ,20221231
0218.HK         ,20221231
0235.HK         ,20221231
0535.HK         ,20221231
CNCL.SI         ,20221231
0521.HK         ,20220630
0289.HK         ,20221231
0099.HK         ,20221231
0111.HK         ,20221231
0413.HK         ,20221231
0464.HK         ,20220930
2280.HK         ,20221231
2338.HK         ,20230331
2878.HK         ,20221231
1192.HK         ,20200630
0581.HK         ,20221231
0081.HK         ,20221231
0299.HK         ,20221231
2866.HK         ,20221231
0700.HK         ,20230331
2312.HK         ,20221231
2318.HK         ,20230331
0493.HK         ,20220630
2319.HK         ,20221231
2343.HK         ,20221231
8123.HK         ,20230331
2331.HK         ,20221231
1298.HK         ,20221231
0733.HK         ,20221231
2186.HK         ,20221231
0568.HK         ,20230331
0827.HK         ,20221231
0200.HK         ,20221231
2368.HK         ,20220930
1194.HK         ,20210630
2307.HK         ,20221231
0753.HK         ,20221231
0686.HK         ,20221231
1000.HK         ,20221231
0929.HK         ,20221231
2355.HK         ,20221231
0210.HK         ,20221231
2038.HK         ,20221231
0612.HK         ,20221231
0628.HK         ,20221231
2877.HK         ,20221231
0438.HK         ,20221231
0089.HK         ,20221231
0116.HK         ,20221231
0335.HK         ,20220930
1009.HK         ,20221231
0600.HK         ,20211231
0675.HK         ,20221231
0660.HK         ,20221231
0828.HK         ,20221231
0755.HK         ,20221231
1201.HK         ,20221231
0681.HK         ,20221231
0632.HK         ,20221231
0673.HK         ,20220930
0412.HK         ,20221231
0296.HK         ,20220930
0763.HK         ,20230331
0234.HK         ,20220930
0764.HK         ,20221231
8173.HK         ,20221231
3886.HK         ,20221231
0065.HK         ,20221231
2326.HK         ,20220930
1003.HK         ,20221231
2099.HK         ,20230331
0318.HK         ,20221031
0417.HK         ,20230331
1061.HK         ,20221231
0371.HK         ,20221231
0802.HK         ,20221231
0108.HK         ,20221231
0901.HK         ,20221231
8060.HK         ,20221231
8239.HK         ,20230331
0376.HK         ,20221231
0639.HK         ,20221231
0726.HK         ,20221231
0868.HK         ,20221231
2882.HK         ,20221231
0904.HK         ,20211031
0952.HK         ,20221231
1088.HK         ,20230331
8082.HK         ,20230331
0959.HK         ,20220930
8211.HK         ,20230331
2678.HK         ,20221231
1005.HK         ,20221231
2341.HK         ,20211231
0859.HK         ,20221231
8159.HK         ,20220930
0212.HK         ,20221231
0950.HK         ,20221231
2727.HK         ,20230331
0277.HK         ,20230331
8186.HK         ,20230331
0898.HK         ,20221231
1099.HK         ,20221231
8007.HK         ,20230331
8019.HK         ,20230331
0201.HK         ,20221231
0298.HK         ,20220930
0703.HK         ,20221231
0219.HK         ,20221231
8111.HK         ,20221231
1195.HK         ,20221231
8220.HK         ,20221231
1160.HK         ,20220930
8126.HK         ,20230331
3328.HK         ,20230331
1102.HK         ,20221231
3300.HK         ,20221231
1124.HK         ,20220930
0724.HK         ,20221231
2336.HK         ,20221231
8198.HK         ,20230331
2358.HK         ,20221231
1570.HK         ,20221231
8228.HK         ,20220331
3311.HK         ,20221231
1371.HK         ,20221231
2322.HK         ,20220930
8063.HK         ,20230331
0821.HK         ,20221231
1059.HK         ,20221231
0248.HK         ,20220930
1226.HK         ,20220930
1265.HK         ,20221231
1224.HK         ,20221231
1215.HK         ,20221231
0244.HK         ,20221231
0354.HK         ,20221231
0360.HK         ,20221231
0346.HK         ,20221231
1919.HK         ,20221231
0872.HK         ,20211231
8169.HK         ,20230430
0174.HK         ,20221231
0145.HK         ,20221231
0658.HK         ,20221231
8205.HK         ,20230331
0690.HK         ,20221231
0039.HK         ,20221231
0979.HK         ,20221231
8150.HK         ,20230331
8131.HK         ,20230228
6823.HK         ,20221231
0228.HK         ,20221231
0329.HK         ,20221231
8071.HK         ,20230331
0430.HK         ,20221231
1240.HK         ,20221231
8279.HK         ,20230331
0193.HK         ,20230131
8189.HK         ,20230331
8166.HK         ,20220930
8203.HK         ,20230331
0183.HK         ,20221231
0913.HK         ,20221231
2302.HK         ,20221231
2309.HK         ,20221231
0736.HK         ,20220930
0969.HK         ,20221231
1026.HK         ,20221231
1188.HK         ,20221231
1898.HK         ,20221231
8137.HK         ,20230331
8167.HK         ,20230331
1349.HK         ,20230331
0381.HK         ,20221231
8250.HK         ,20230331
8037.HK         ,20230331
0889.HK         ,20221231
1013.HK         ,20220930
1679.HK         ,20221231
0459.HK         ,20221231
0860.HK         ,20221231
2607.HK         ,20230331
0812.HK         ,20221231
0380.HK         ,20221231
0646.HK         ,20221231
0499.HK         ,20221231
0651.HK         ,20220630
0567.HK         ,20220930
0391.HK         ,20220930
0925.HK         ,20221231
1222.HK         ,20220930
1213.HK         ,20220930
0599.HK         ,20220930
1239.HK         ,20221231
0456.HK         ,20221231
0905.HK         ,20221231
8206.HK         ,20221231
0136.HK         ,20221231
0213.HK         ,20220930
1103.HK         ,20220630
9677.HK         ,20221231
2777.HK         ,20221231
8148.HK         ,20230331
8286.HK         ,20230331
8249.HK         ,20230331
0629.HK         ,20221231
2728.HK         ,20221231
1141.HK         ,20221231
0479.HK         ,20201231
0895.HK         ,20210930
0618.HK         ,20220930
0379.HK         ,20221231
0339.HK         ,20221231
1708.HK         ,20221231
0181.HK         ,20221231
0029.HK         ,20221231
0419.HK         ,20221231
0007.HK         ,20221231
0356.HK         ,20221231
0572.HK         ,20221231
8143.HK         ,20230331
0309.HK         ,20220930
8317.HK         ,20221231
1669.HK         ,20221231
8365.HK         ,20230331
0674.HK         ,20220930
0162.HK         ,20221231
0387.HK         ,20221231
0365.HK         ,20221231
8113.HK         ,20230331
8172.HK         ,20230331
8158.HK         ,20230331
0115.HK         ,20221231
0978.HK         ,20221231
0619.HK         ,20221231
0745.HK         ,20220930
0856.HK         ,20221231
1116.HK         ,20221231
0076.HK         ,20221231
8115.HK         ,20230331
2340.HK         ,20221231
1129.HK         ,20221231
1140.HK         ,20220930
8076.HK         ,20230331
2086.HK         ,20221231
8047.HK         ,20221231
0001.HK         ,20221231
0818.HK         ,20221231
0310.HK         ,20221231
3860.HK         ,20220930
BIDU.O          ,20230331
8299.HK         ,20221231
0997.HK         ,20220930
0605.HK         ,20221231
0810.HK         ,20221231
0290.HK         ,20220930
8083.HK         ,20230331
0239.HK         ,20221231
0596.HK         ,20221231
0428.HK         ,20221231
8163.HK         ,20230331
0262.HK         ,20220930
0875.HK         ,20221231
0104.HK         ,20220930
8225.HK         ,20230331
0091.HK         ,20221231
0436.HK         ,20221231
0313.HK         ,20220930
1090.HK         ,20221231
0077.HK         ,20220930
0758.HK         ,20221231
2000.HK         ,20221231
2379.HK         ,20210630
0701.HK         ,20221231
2668.HK         ,20221231
1547.HK         ,20220930
0862.HK         ,20221231
0149.HK         ,20220930
0036.HK         ,20221231
0855.HK         ,20220930
8029.HK         ,20221231
1010.HK         ,20221231
0550.HK         ,20221231
8100.HK         ,20230331
0509.HK         ,20221231
0098.HK         ,20221231
0483.HK         ,20220930
0530.HK         ,20210630
1004.HK         ,20221231
8130.HK         ,20221231
8079.HK         ,20221231
0240.HK         ,20221231
8086.HK         ,20220930
0185.HK         ,20221231
0131.HK         ,20221231
8271.HK         ,20230331
0846.HK         ,20221231
0286.HK         ,20221231
8213.HK         ,20221231
0954.HK         ,20221231
3633.HK         ,20221231
8027.HK         ,20230331
0009.HK         ,20221231
0164.HK         ,20220930
0896.HK         ,20230331
0120.HK         ,20221231
0727.HK         ,20220930
0482.HK         ,20221231
2028.HK         ,20221231
0423.HK         ,20220930
2018.HK         ,20221231
3623.HK         ,20221231
0833.HK         ,20221231
3991.HK         ,20221231
0433.HK         ,20221231
0254.HK         ,20221231
0396.HK         ,20221231
8025.HK         ,20220930
8030.HK         ,20230331
0497.HK         ,20220930
8176.HK         ,20230331
0278.HK         ,20220930
0063.HK         ,20221231
0554.HK         ,20221231
0721.HK         ,20221231
8120.HK         ,20230331
0431.HK         ,20221231
0513.HK         ,20221231
3344.HK         ,20220630
1145.HK         ,20221231
0444.HK         ,20220930
0426.HK         ,20230331
0776.HK         ,20221231
0471.HK         ,20221231
0096.HK         ,20221231
3899.HK         ,20221231
0496.HK         ,20221231
0939.HK         ,20230331
3399.HK         ,20221231
0536.HK         ,20221231
2098.HK         ,20221231
3389.HK         ,20221231
0253.HK         ,20221231
2371.HK         ,20221231
1142.HK         ,20220930
3366.HK         ,20221231
0559.HK         ,20221231
1612.HK         ,20221231
0359.HK         ,20210630
3336.HK         ,20221231
0897.HK         ,20220930
0110.HK         ,20221231
0765.HK         ,20221231
1068.HK         ,20221231
0531.HK         ,20221231
0823.HK         ,20230331
1257.HK         ,20221231
2313.HK         ,20221231
3368.HK         ,20230331
0095.HK         ,20221231
0206.HK         ,20221231
3318.HK         ,20221231
3398.HK         ,20221231
3383.HK         ,20221231
0808.HK         ,20221231
2005.HK         ,20221231
0489.HK         ,20221231
0405.HK         ,20221231
3330.HK         ,20221231
0919.HK         ,20220930
8247.HK         ,20230331
1292.HK         ,20221231
0840.HK         ,20230331
2689.HK         ,20221231
3308.HK         ,20221231
0005.HK         ,20230331
3323.HK         ,20221231
1085.HK         ,20221231
0707.HK         ,20221231
HCM.L           ,20221231
2880.HK         ,20230331
1057.HK         ,20230331
3988.HK         ,20230331
3382.HK         ,20221231
0527.HK         ,20221231
0272.HK         ,20221231
0515.HK         ,20221231
0813.HK         ,20210630
3377.HK         ,20221231
0352.HK         ,20221231
3900.HK         ,20221231
3989.HK         ,20221231
3303.HK         ,20221231
0814.HK         ,20230331
2700.HK         ,20221231
0834.HK         ,20221231
0320.HK         ,20220930
0637.HK         ,20230331
1398.HK         ,20230331
0337.HK         ,20221231
0558.HK         ,20220930
3918.HK         ,20221231
0609.HK         ,20221231
1818.HK         ,20221231
1888.HK         ,20221231
1388.HK         ,20221231
0528.HK         ,20221231
2233.HK         ,20221231
0552.HK         ,20221231
1899.HK         ,20221231
688187.SS       ,20230331
1399.HK         ,20221231
1800.HK         ,20221231
1868.HK         ,20221231
1882.HK         ,20221231
0435.HK         ,20221231
1808.HK         ,20221231
3302.HK         ,20221231
2800.HK         ,20180630
1530.HK         ,20221231
1889.HK         ,20221231
0546.HK         ,20221231
601318.SS       ,20230331
1838.HK         ,20220630
1383.HK         ,20221231
0460.HK         ,20221231
0538.HK         ,20221231
1883.HK         ,20221231
6828.HK         ,20221231
0475.HK         ,20230331
8329.HK         ,20230331
1813.HK         ,20221231
1881.HK         ,20221231
0811.HK         ,20230331
1382.HK         ,20220930
0602.HK         ,20221231
1991.HK         ,20221231
0819.HK         ,20221231
2382.HK         ,20221231
3933.HK         ,20221231
0573.HK         ,20221231
1360.HK         ,20221231
1836.HK         ,20221231
0822.HK         ,20221231
2020.HK         ,20221231
0867.HK         ,20221231
0656.HK         ,20221231
3331.HK         ,20221231
0825.HK         ,20221231
0826.HK         ,20221231
0817.HK         ,20221231
3889.HK         ,20221231
1393.HK         ,20221231
3838.HK         ,20221231
0410.HK         ,20221231
3999.HK         ,20230331
3883.HK         ,20210630
3888.HK         ,20230331
3818.HK         ,20230331
0948.HK         ,20220930
3998.HK         ,20220930
1278.HK         ,20221231
1328.HK         ,20221231
0777.HK         ,20221231
0672.HK         ,20221231
3800.HK         ,20221231
0033.HK         ,20221231
0806.HK         ,20221231
3808.HK         ,20221231
0390.HK         ,20221231
0189.HK         ,20221231
2002.HK         ,20221231
3337.HK         ,20221231
0220.HK         ,20221231
0543.HK         ,20221231
0422.HK         ,20230331
0285.HK         ,20221231
0556.HK         ,20221231
0117.HK         ,20221231
0505.HK         ,20221231
0869.HK         ,20221231
1447.HK         ,20221231
1415.HK         ,20221231
0757.HK         ,20221231
0848.HK         ,20221231
0708.HK         ,20210630
0196.HK         ,20221231
1186.HK         ,20230331
3333.HK         ,20210630
1661.HK         ,20221231
2012.HK         ,20230331
8348.HK         ,20230331
0789.HK         ,20220930
0743.HK         ,20230331
8340.HK         ,20230331
1368.HK         ,20221231
0832.HK         ,20221231
3813.HK         ,20230331
0800.HK         ,20221231
2722.HK         ,20221231
1812.HK         ,20230331
8132.HK         ,20221231
0691.HK         ,20221231
0623.HK         ,20221231
0880.HK         ,20221231
0982.HK         ,20221231
0887.HK         ,20221231
1766.HK         ,20230331
1091.HK         ,20220630
0871.HK         ,20221231
1387.HK         ,20220630
0195.HK         ,20221231
0852.HK         ,20221231
0750.HK         ,20221231
0794.HK         ,20220930
3939.HK         ,20221231
0841.HK         ,20220930
1008.HK         ,20221231
0886.HK         ,20210930
0215.HK         ,20221231
1361.HK         ,20221231
0866.HK         ,20221231
8067.HK         ,20230331
1338.HK         ,20221231
0090.HK         ,20221231
0399.HK         ,20220930
2009.HK         ,20230331
2288.HK         ,20220930
0072.HK         ,20221231
8296.HK         ,20230331
1234.HK         ,20221231
1668.HK         ,20220930
1618.HK         ,20230331
0845.HK         ,20221231
0893.HK         ,20221231
1128.HK         ,20221231
1238.HK         ,20221231
1069.HK         ,20221231
0829.HK         ,20221231
0712.HK         ,20221231
0591.HK         ,20221231
0906.HK         ,20221231
0389.HK         ,20221231
0960.HK         ,20221231
1777.HK         ,20210630
0631.HK         ,20221231
1988.HK         ,20221231
1928.HK         ,20221231
0465.HK         ,20221231
1638.HK         ,20221231
0916.HK         ,20230331
1866.HK         ,20221231
1822.HK         ,20221231
1929.HK         ,20230331
0947.HK         ,20221231
1918.HK         ,20221231
1080.HK         ,20221231
1823.HK         ,20221231
0837.HK         ,20221231
2601.HK         ,20230331
1841.HK         ,20220930
0953.HK         ,20221231
1966.HK         ,20221231
1863.HK         ,20221231
1878.HK         ,20230331
1280.HK         ,20221231
0881.HK         ,20221231
0830.HK         ,20221231
1999.HK         ,20230331
0923.HK         ,20220930
0936.HK         ,20221231
1231.HK         ,20221231
1555.HK         ,20220630
0973.HK         ,20220930
0503.HK         ,20221231
1972.HK         ,20221231
2222.HK         ,20221231
2208.HK         ,20221231
1282.HK         ,20221231
2128.HK         ,20221231
8295.HK         ,20221231
6963.HK         ,20221231
2238.HK         ,20221231
0951.HK         ,20221231
1020.HK         ,20221231
1788.HK         ,20221231
0976.HK         ,20221231
2118.HK         ,20210630
1288.HK         ,20230331
1900.HK         ,20221231
0640.HK         ,20230331
1428.HK         ,20220930
8356.HK         ,20220331
2198.HK         ,20221231
0853.HK         ,20221231
1039.HK         ,20221231
0926.HK         ,20221231
1308.HK         ,20221231
0048.HK         ,20221231
0956.HK         ,20230331
1733.HK         ,20221231
3683.HK         ,20220930
0580.HK         ,20221231
8269.HK         ,20221231
1685.HK         ,20221231
1551.HK         ,20221231
1007.HK         ,20221231
0975.HK         ,20221231
1299.HK         ,20221231
1230.HK         ,20221231
NOAH.K          ,20230331
1600.HK         ,20221231
1087.HK         ,20221231
1101.HK         ,20221231
1086.HK         ,20221231
1110.HK         ,20221231
1117.HK         ,20221231
0327.HK         ,20221231
1728.HK         ,20221231
1831.HK         ,20221231
8238.HK         ,20230331
0468.HK         ,20221231
1112.HK         ,20221231
3618.HK         ,20230331
1798.HK         ,20221231
6808.HK         ,20230331
1323.HK         ,20220930
2011.HK         ,20221231
1143.HK         ,20221231
1378.HK         ,20221231
1913.HK         ,20221231
3688.HK         ,20221231
2299.HK         ,20221231
2282.HK         ,20221231
1380.HK         ,20221231
1623.HK         ,20221231
1963.HK         ,20230331
8098.HK         ,20221231
3613.HK         ,20221231
3360.HK         ,20221231
1121.HK         ,20221231
1181.HK         ,20221231
3363.HK         ,20221231
1127.HK         ,20221231
1157.HK         ,20221231
1011.HK         ,20221231
87001.HK        ,20221231
1312.HK         ,20221231
2789.HK         ,20221231
1206.HK         ,20221231
1150.HK         ,20221231
8193.HK         ,20221231
1908.HK         ,20221231
0968.HK         ,20221231
002594.SZ       ,20230331
1241.HK         ,20221231
1258.HK         ,20221231
1082.HK         ,20221231
1339.HK         ,20221231
1355.HK         ,20221231
1259.HK         ,20221231
6865.HK         ,20230331
8179.HK         ,20230331
6838.HK         ,20221231
0579.HK         ,20221231
1488.HK         ,20221231
1663.HK         ,20220930
601633.SS       ,20230331
1028.HK         ,20221231
6868.HK         ,20221231
3666.HK         ,20221231
3788.HK         ,20221231
8020.HK         ,20221231
1152.HK         ,20221231
603993.SS       ,20230331
6030.HK         ,20221231
3628.HK         ,20221231
1302.HK         ,20221231
1269.HK         ,20221231
0844.HK         ,20221231
8217.HK         ,20221231
1023.HK         ,20221231
6880.HK         ,20220630
8215.HK         ,20230331
1262.HK         ,20221231
1293.HK         ,20221231
1336.HK         ,20221231
6837.HK         ,20221231
3778.HK         ,20221231
8439.HK         ,20230331
1830.HK         ,20220930
1251.HK         ,20221231
1252.HK         ,20221231
1315.HK         ,20220930
1281.HK         ,20221231
6830.HK         ,20221231
1303.HK         ,20221231
1263.HK         ,20221231
1803.HK         ,20221231
8031.HK         ,20230331
1210.HK         ,20220630
1266.HK         ,20221231
1699.HK         ,20220630
1277.HK         ,20221231
1260.HK         ,20220930
3698.HK         ,20221231
1329.HK         ,20221231
1613.HK         ,20220930
6116.HK         ,20220331
0863.HK         ,20221231
2623.HK         ,20221231
1522.HK         ,20221231
1907.HK         ,20221231
2068.HK         ,20230331
3669.HK         ,20221231
0695.HK         ,20221231
6826.HK         ,20221231
1237.HK         ,20221231
1335.HK         ,20221231
1332.HK         ,20221231
1616.HK         ,20211231
6889.HK         ,20230331
1697.HK         ,20221231
2178.HK         ,20221231
3948.HK         ,20230331
1468.HK         ,20220930
3816.HK         ,20220930
1326.HK         ,20221231
8221.HK         ,20221231
2223.HK         ,20221231
1375.HK         ,20230331
1314.HK         ,20220930
1030.HK         ,20221231
2196.HK         ,20221231
2236.HK         ,20221231
1232.HK         ,20221231
0540.HK         ,20221231
1515.HK         ,20221231
1680.HK         ,20221231
1348.HK         ,20220930
1461.HK         ,20221231
2033.HK         ,20221231
2039.HK         ,20230331
1319.HK         ,20230228
0864.HK         ,20221231
1148.HK         ,20221231
1270.HK         ,20221231
3380.HK         ,20221231
1673.HK         ,20221231
3836.HK         ,20221231
3997.HK         ,20220930
8201.HK         ,20230331
1297.HK         ,20221231
6877.HK         ,20221231
2112.HK         ,20221231
6888.HK         ,20221231
1778.HK         ,20210630
1316.HK         ,20221231
1250.HK         ,20221231
1107.HK         ,20211231
6898.HK         ,20221231
8073.HK         ,20230331
1255.HK         ,20221231
1372.HK         ,20221231
2799.HK         ,20221231
2183.HK         ,20211231
1271.HK         ,20230331
0636.HK         ,20221231
3908.HK         ,20221231
8310.HK         ,20230331
2066.HK         ,20221231
1330.HK         ,20230331
3638.HK         ,20230331
1273.HK         ,20220930
8018.HK         ,20230331
0484.HK         ,20221231
1359.HK         ,20221231
2393.HK         ,20221231
1345.HK         ,20221231
1246.HK         ,20220930
8181.HK         ,20221231
1321.HK         ,20221231
8218.HK         ,20221231
BABA.K          ,20230331
0932.HK         ,20220930
0401.HK         ,20220930
0799.HK         ,20221231
1358.HK         ,20221231
1396.HK         ,20221231
6108.HK         ,20221231
1862.HK         ,20221231
1290.HK         ,20221231
1370.HK         ,20221231
1431.HK         ,20221231
8326.HK         ,20221231
3608.HK         ,20221231
1884.HK         ,20220930
1268.HK         ,20221231
2211.HK         ,20221231
3315.HK         ,20221231
1689.HK         ,20221231
1520.HK         ,20221231
1483.HK         ,20221231
1233.HK         ,20221231
0586.HK         ,20221231
1681.HK         ,20221231
1448.HK         ,20221231
2283.HK         ,20221231
3313.HK         ,20221231
1421.HK         ,20221231
6818.HK         ,20230331
1486.HK         ,20221231
2638.HK         ,20221231
1439.HK         ,20211231
8191.HK         ,20220930
3332.HK         ,20221231
1738.HK         ,20221231
1389.HK         ,20230331
2080.HK         ,20220930
2226.HK         ,20221231
1622.HK         ,20220630
8311.HK         ,20230331
3606.HK         ,20221231
3636.HK         ,20221231
3903.HK         ,20221231
1636.HK         ,20220630
1340.HK         ,20221231
0400.HK         ,20221231
3396.HK         ,20221231
1599.HK         ,20221231
2608.HK         ,20210630
1771.HK         ,20221231
2255.HK         ,20221231
1528.HK         ,20230331
6899.HK         ,20221231
0798.HK         ,20221231
2100.HK         ,20221231
6138.HK         ,20221231
0288.HK         ,20221231
1400.HK         ,20221231
1513.HK         ,20230331
1397.HK         ,20221231
2111.HK         ,20221231
6198.HK         ,20230331
8267.HK         ,20230331
6033.HK         ,20220930
6128.HK         ,20221231
1588.HK         ,20221231
3639.HK         ,20221231
0911.HK         ,20221231
3709.HK         ,20221231
1626.HK         ,20221231
2202.HK         ,20230331
6136.HK         ,20221231
1446.HK         ,20221231
1450.HK         ,20221231
1980.HK         ,20221231
6188.HK         ,20221231
2399.HK         ,20221231
6123.HK         ,20221231
1432.HK         ,20221231
6060.HK         ,20221231
1856.HK         ,20221231
1253.HK         ,20221231
1418.HK         ,20221231
8237.HK         ,20220930
8125.HK         ,20221231
8162.HK         ,20230331
8059.HK         ,20230331
8315.HK         ,20221231
6869.HK         ,20230331
1456.HK         ,20221231
2221.HK         ,20230331
1578.HK         ,20221231
1395.HK         ,20221231
601916.SS       ,20230331
1285.HK         ,20221231
8268.HK         ,20221231
1811.HK         ,20221231
8222.HK         ,20221231
1347.HK         ,20230331
3822.HK         ,20220930
1310.HK         ,20230228
6893.HK         ,20220930
1466.HK         ,20220930
8195.HK         ,20221231
8363.HK         ,20230331
1381.HK         ,20221231
1786.HK         ,20221231
1958.HK         ,20221231
1289.HK         ,20221231
1305.HK         ,20221231
1317.HK         ,20210831
6882.HK         ,20221231
1478.HK         ,20221231
1022.HK         ,20221231
1480.HK         ,20221231
8170.HK         ,20221031
0520.HK         ,20221231
8307.HK         ,20230331
2212.HK         ,20221231
6866.HK         ,20230331
3708.HK         ,20221231
1993.HK         ,20221231
1362.HK         ,20221231
6161.HK         ,20210630
6822.HK         ,20221231
8139.HK         ,20230331
1245.HK         ,20230331
1327.HK         ,20221231
1027.HK         ,20221231
8093.HK         ,20230331
2686.HK         ,20221231
8277.HK         ,20221231
1606.HK         ,20221231
0442.HK         ,20220930
688236.SS       ,20230331
1566.HK         ,20220930
6896.HK         ,20221231
1460.HK         ,20220930
1539.HK         ,20220930
1508.HK         ,20221231
1559.HK         ,20220930
1776.HK         ,20221231
1500.HK         ,20220930
8133.HK         ,20230331
1799.HK         ,20221231
1470.HK         ,20221031
1113.HK         ,20221231
6839.HK         ,20221231
1301.HK         ,20221231
6886.HK         ,20221231
8121.HK         ,20230331
0804.HK         ,20221231
3919.HK         ,20221231
1970.HK         ,20221231
0574.HK         ,20211231
3866.HK         ,20221231
6099.HK         ,20221231
3839.HK         ,20230331
2193.HK         ,20220930
3882.HK         ,20221231
2286.HK         ,20221231
2699.HK         ,20220630
1986.HK         ,20221231
6836.HK         ,20221231
1498.HK         ,20221231
0416.HK         ,20220630
1736.HK         ,20221231
3737.HK         ,20221231
6196.HK         ,20230331
1476.HK         ,20221231
1718.HK         ,20220930
1568.HK         ,20221231
8316.HK         ,20221231
3969.HK         ,20230331
2153.HK         ,20220930
1499.HK         ,20220930
0974.HK         ,20221231
1585.HK         ,20221231
8245.HK         ,20221231
2289.HK         ,20221231
0331.HK         ,20221231
1556.HK         ,20221231
1631.HK         ,20221231
1690.HK         ,20221231
8280.HK         ,20221231
1826.HK         ,20221231
2199.HK         ,20220930
1527.HK         ,20221231
1709.HK         ,20220930
1869.HK         ,20221231
1532.HK         ,20221231
8057.HK         ,20230331
1546.HK         ,20220930
8331.HK         ,20221231
8290.HK         ,20230331
2663.HK         ,20230331
2203.HK         ,20221231
8056.HK         ,20221231
1558.HK         ,20221231
8070.HK         ,20230331
2669.HK         ,20221231
1561.HK         ,20221231
6189.HK         ,20220630
6833.HK         ,20221231
2588.HK         ,20221231
3868.HK         ,20221231
1469.HK         ,20220930
8366.HK         ,20230131
1495.HK         ,20221231
8308.HK         ,20220930
1419.HK         ,20221231
1452.HK         ,20221231
1909.HK         ,20210630
1538.HK         ,20221231
2768.HK         ,20220630
2138.HK         ,20230331
3799.HK         ,20221231
1543.HK         ,20221231
1341.HK         ,20220930
1979.HK         ,20221231
8196.HK         ,20230331
8160.HK         ,20221231
2031.HK         ,20220930
1662.HK         ,20220930
001236.SZ       ,20230331
6088.HK         ,20221231
8300.HK         ,20221231
1496.HK         ,20220930
3326.HK         ,20221231
6083.HK         ,20221231
3773.HK         ,20221231
3728.HK         ,20220930
8161.HK         ,20221231
8319.HK         ,20230331
3626.HK         ,20221231
1243.HK         ,20220930
3301.HK         ,20221231
1565.HK         ,20230228
8262.HK         ,20230331
2738.HK         ,20221231
3963.HK         ,20220930
8293.HK         ,20230430
8417.HK         ,20221231
9889.HK         ,20221231
1586.HK         ,20221231
3320.HK         ,20221231
1557.HK         ,20220930
1577.HK         ,20221231
8333.HK         ,20230331
8052.HK         ,20230331
1549.HK         ,20221231
1982.HK         ,20220930
8232.HK         ,20230331
8360.HK         ,20230331
1526.HK         ,20221231
8411.HK         ,20230331
8229.HK         ,20230331
8292.HK         ,20230331
1596.HK         ,20221231
1523.HK         ,20221231
1560.HK         ,20221231
0150.HK         ,20220930
1579.HK         ,20221231
3893.HK         ,20221231
1751.HK         ,20221231
6816.HK         ,20221231
1575.HK         ,20221231
1789.HK         ,20221231
8187.HK         ,20230331
2633.HK         ,20230331
2278.HK         ,20221231
8149.HK         ,20230331
1580.HK         ,20221231
1572.HK         ,20221231
8035.HK         ,20230331
1611.HK         ,20230331
1676.HK         ,20221231
6119.HK         ,20221231
8291.HK         ,20230331
8328.HK         ,20230331
8452.HK         ,20230331
1420.HK         ,20221231
8370.HK         ,20230331
1591.HK         ,20220930
8455.HK         ,20230331
6058.HK         ,20221231
6066.HK         ,20221231
8320.HK         ,20221231
2113.HK         ,20220930
1632.HK         ,20220930
8023.HK         ,20221231
1458.HK         ,20221231
1583.HK         ,20221231
1985.HK         ,20230331
8062.HK         ,20221231
8425.HK         ,20230331
6812.HK         ,20230331
1633.HK         ,20220930
8321.HK         ,20230131
8349.HK         ,20220930
1610.HK         ,20221231
2136.HK         ,20221231
8341.HK         ,20221231
8431.HK         ,20221231
1854.HK         ,20220930
3869.HK         ,20221231
3306.HK         ,20221231
1707.HK         ,20221231
2017.HK         ,20221231
1609.HK         ,20230331
1617.HK         ,20221231
8069.HK         ,20230331
3689.HK         ,20221231
1792.HK         ,20221231
8283.HK         ,20230331
1647.HK         ,20220930
1581.HK         ,20220930
8297.HK         ,20221231
6163.HK         ,20221031
3329.HK         ,20221231
3789.HK         ,20220930
6908.HK         ,20221231
3768.HK         ,20221231
6068.HK         ,20230228
1637.HK         ,20220930
1630.HK         ,20220930
6122.HK         ,20221231
3958.HK         ,20221231
1782.HK         ,20221231
1915.HK         ,20221231
1660.HK         ,20220930
8353.HK         ,20230228
8091.HK         ,20230331
1732.HK         ,20221231
1696.HK         ,20221231
2363.HK         ,20221231
1657.HK         ,20221031
8412.HK         ,20230228
2266.HK         ,20221231
2281.HK         ,20221231
1518.HK         ,20221231
6169.HK         ,20230228
1867.HK         ,20230331
8118.HK         ,20230131
2001.HK         ,20230228
8036.HK         ,20230331
8416.HK         ,20230331
2166.HK         ,20221231
1962.HK         ,20221231
1162.HK         ,20220930
1569.HK         ,20221231
2102.HK         ,20230131
8432.HK         ,20221231
YUMC.K          ,20230331
8420.HK         ,20230331
