i,첇쟎, 컠왠, 썐이, koscom_day, naver_day
1,08013,08013.HK,턂커 썐이,20230228,20230228
2,00011,00011.HK,턂커 썐이,20221231,20221231
3,01571,01571.HK,턂커 썐이,20221231,20221231
4,01758,01758.HK,턂커 썐이,20230228,20230228
5,00994,00994.HK,턂커 썐이,20221231,20221231
6,09963,09963.HK,턂커 썐이,20221231,20221231
7,00910,00910.HK,턂커 썐이,20221231,20221231
8,08428,08428.HK,턂커 썐이,20221231,20221231
9,08309,08309.HK,턂커 썐이,20221231,20221231
10,08385,08385.HK,턂커 썐이,20230331,20230331
11,00876,00876.HK,턂커 썐이,20221231,20221231
12,03983,03983.HK,턂커 썐이,20221231,20221231
13,08481,08481.HK,턂커 썐이,20230331,20230331
14,03990,03990.HK,턂커 썐이,20221231,20221231
15,03395,03395.HK,턂커 썐이,20230331,20230331
16,01741,01741.HK,턂커 썐이,20230331,20230331
17,01702,01702.HK,턂커 썐이,20221231,20221231
18,08413,08413.HK,턂커 썐이,20221231,20221231
19,00301,00301.HK,턂커 썐이,20221231,20221231
20,08472,08472.HK,턂커 썐이,20230331,20230331
21,01417,01417.HK,턂커 썐이,20221231,20221231
22,08423,08423.HK,턂커 썐이,20230331,20230331
23,08462,08462.HK,턂커 썐이,20230331,20230331
24,01932,01932.HK,턂커 썐이,20221231,20221231
25,01749,01749.HK,턂커 썐이,20221231,20221231
26,08446,08446.HK,턂커 썐이,20230331,20230331
27,00698,00698.HK,턂커 썐이,20221231,20221231
28,01850,01850.HK,턂커 썐이,20221031,20221031
29,01933,01933.HK,턂커 썐이,20230331,20230331
30,02262,02262.HK,턂커 썐이,20221231,20221231
31,08427,08427.HK,턂커 썐이,20230228,20230228
32,01410,01410.HK,턂커 썐이,20230331,20230331
34,01827,01827.HK,턂커 썐이,20220930,20220930
35,08395,08395.HK,턂커 썐이,20230331,20230331
36,02159,02159.HK,턂커 썐이,20221231,20221231
37,02885,02885.HK,턂커 썐이,20221231,20221231
38,01809,01809.HK,턂커 썐이,20221231,20221231
39,02176,02176.HK,턂커 썐이,20221231,20221231
40,01787,01787.HK,턂커 썐이,20221231,20221231
41,01843,01843.HK,턂커 썐이,20220930,20220930
42,03798,03798.HK,턂커 썐이,20221231,20221231
45,08152,08152.HK,턂커 썐이,20230331,20230331
46,01975,01975.HK,턂커 썐이,20221231,20221231
47,01742,01742.HK,턂커 썐이,20221031,20221031
48,03830,03830.HK,턂커 썐이,20221031,20221031
49,00312,00312.HK,턂커 썐이,20221231,20221231
50,08405,08405.HK,턂커 썐이,20230331,20230331
51,08350,08350.HK,턂커 썐이,20230331,20230331
52,08362,08362.HK,턂커 썐이,20230331,20230331
53,02232,02232.HK,턂커 썐이,20221231,20221231
54,02377,02377.HK,턂커 썐이,20221231,20221231
55,06178,06178.HK,턂커 썐이,20221231,20221231
56,00017,00017.HK,턂커 썐이,20221231,20221231
57,01710,01710.HK,턂커 썐이,20221231,20221231
58,01045,01045.HK,턂커 썐이,20221231,20221231
59,08471,08471.HK,턂커 썐이,20230331,20230331
60,08402,08402.HK,턂커 썐이,20230331,20230331
61,01656,01656.HK,턂커 썐이,20221231,20221231
62,08400,08400.HK,턂커 썐이,20230331,20230331
63,06069,06069.HK,턂커 썐이,20221231,20221231
64,02337,02337.HK,턂커 썐이,20221231,20221231
66,01905,01905.HK,턂커 썐이,20221231,20221231
67,01695,01695.HK,턂커 썐이,20221231,20221231
69,08223,08223.HK,턂커 썐이,20230331,20230331
70,00073,00073.HK,턂커 썐이,20221231,20221231
71,08430,08430.HK,턂커 썐이,20230331,20230331
72,06966,06966.HK,턂커 썐이,20221231,20221231
73,09978,09978.HK,턂커 썐이,20221231,20221231
74,00592,00592.HK,턂커 썐이,20221231,20221231
75,01552,01552.HK,턂커 썐이,20221231,20221231
76,06885,06885.HK,턂커 썐이,20221231,20221231
77,08521,08521.HK,턂커 썐이,20230331,20230331
78,08493,08493.HK,턂커 썐이,20230331,20230331
79,01671,01671.HK,턂커 썐이,20221231,20221231
80,08429,08429.HK,턂커 썐이,20230331,20230331
81,08419,08419.HK,턂커 썐이,20230331,20230331
82,00861,00861.HK,턂커 썐이,20221231,20221231
83,08495,08495.HK,턂커 썐이,20230331,20230331
84,02225,02225.HK,턂커 썐이,20221231,20221231
85,01216,01216.HK,턂커 썐이,20221231,20221231
86,08491,08491.HK,턂커 썐이,20230331,20230331
88,08375,08375.HK,턂커 썐이,20230331,20230331
89,01529,01529.HK,턂커 썐이,20221231,20221231
90,01655,01655.HK,턂커 썐이,20221231,20221231
91,00756,00756.HK,턂커 썐이,20221231,20221231
92,08383,08383.HK,턂커 썐이,20230228,20230228
93,08275,08275.HK,턂커 썐이,20221231,20221231
94,00353,00353.HK,턂커 썐이,20220930,20220930
95,01548,01548.HK,턂커 썐이,20221231,20221231
96,02708,02708.HK,턂커 썐이,20220930,20220930
97,01475,01475.HK,턂커 썐이,20230331,20230331
98,02269,02269.HK,턂커 썐이,20221231,20221231
99,00467,00467.HK,턂커 썐이,20221231,20221231
100,08480,08480.HK,턂커 썐이,20230331,20230331
101,06038,06038.HK,턂커 썐이,20221231,20221231
102,02448,02448.HK,턂커 썐이,20221231,20221231
103,08612,08612.HK,턂커 썐이,20230331,20230331
104,01720,01720.HK,턂커 썐이,20221231,20221231
105,03878,03878.HK,턂커 썐이,20220930,20220930
106,00788,00788.HK,턂커 썐이,20221231,20221231
107,01481,01481.HK,턂커 썐이,20221231,20221231
108,08437,08437.HK,턂커 썐이,20221231,20221231
109,06829,06829.HK,턂커 썐이,20220930,20220930
110,08448,08448.HK,턂커 썐이,20221231,20221231
111,02778,02778.HK,턂커 썐이,20221231,20221231
112,08476,08476.HK,턂커 썐이,20230331,20230331
113,01763,01763.HK,턂커 썐이,20221231,20221231
114,06118,06118.HK,턂커 썐이,20221231,20221231
116,01931,01931.HK,턂커 썐이,20221231,20221231
117,02292,02292.HK,턂커 썐이,20221231,20221231
119,00784,00784.HK,턂커 썐이,20220930,20220930
121,06928,06928.HK,턂커 썐이,20221231,20221231
122,01693,01693.HK,턂커 썐이,20220930,20220930
123,00151,00151.HK,턂커 썐이,20220930,20220930
124,03738,03738.HK,턂커 썐이,20221231,20221231
125,08065,08065.HK,턂커 썐이,20230331,20230331
126,08377,08377.HK,턂커 썐이,20230331,20230331
128,02122,02122.HK,턂커 썐이,20221231,20221231
130,09985,09985.HK,턂커 썐이,20221231,20221231
131,01300,01300.HK,턂커 썐이,20221231,20221231
132,08257,08257.HK,턂커 썐이,20230331,20230331
133,08287,08287.HK,턂커 썐이,20220630,20220630
134,06182,06182.HK,턂커 썐이,20220930,20220930
135,02683,02683.HK,턂커 썐이,20230331,20230331
136,08285,08285.HK,턂커 썐이,20230331,20230331
137,06036,06036.HK,턂커 썐이,20221231,20221231
139,08450,08450.HK,턂커 썐이,20230331,20230331
141,06881,06881.HK,턂커 썐이,20221231,20221231
143,08136,08136.HK,턂커 썐이,20230331,20230331
144,08501,08501.HK,턂커 썐이,20221231,20221231
145,08040,08040.HK,턂커 썐이,20221231,20221231
146,02022,02022.HK,턂커 썐이,20221231,20221231
147,08483,08483.HK,턂커 썐이,20230331,20230331
148,02182,02182.HK,턂커 썐이,20221231,20221231
149,01183,01183.HK,턂커 썐이,20221231,20221231
150,01427,01427.HK,턂커 썐이,20221231,20221231
151,08456,08456.HK,턂커 썐이,20221231,20221231
152,08535,08535.HK,턂커 썐이,20230331,20230331
153,08536,08536.HK,턂커 썐이,20230331,20230331
154,03309,03309.HK,턂커 썐이,20221231,20221231
155,08117,08117.HK,턂커 썐이,20230331,20230331
156,01735,01735.HK,턂커 썐이,20221231,20221231
157,08473,08473.HK,턂커 썐이,20230331,20230331
158,08523,08523.HK,턂커 썐이,20221231,20221231
159,08426,08426.HK,턂커 썐이,20230331,20230331
160,08422,08422.HK,턂커 썐이,20230331,20230331
161,08313,08313.HK,턂커 썐이,20230331,20230331
162,02863,02863.HK,턂커 썐이,20230331,20230331
163,01729,01729.HK,턂커 썐이,20220930,20220930
164,01706,01706.HK,턂커 썐이,20221231,20221231
165,01722,01722.HK,턂커 썐이,20221231,20221231
166,01737,01737.HK,턂커 썐이,20220930,20220930
167,08367,08367.HK,턂커 썐이,20221231,20221231
168,01825,01825.HK,턂커 썐이,20220930,20220930
169,08107,08107.HK,턂커 썐이,20230331,20230331
170,00732,00732.HK,턂커 썐이,20221231,20221231
172,08527,08527.HK,턂커 썐이,20230331,20230331
173,03699,03699.HK,턂커 썐이,20221231,20221231
175,01750,01750.HK,턂커 썐이,20221231,20221231
176,08487,08487.HK,턂커 썐이,20230331,20230331
177,00839,00839.HK,턂커 썐이,20230228,20230228
178,08401,08401.HK,턂커 썐이,20230331,20230331
179,01978,01978.HK,턂커 썐이,20221231,20221231
180,01628,01628.HK,턂커 썐이,20221231,20221231
181,01451,01451.HK,턂커 썐이,20221231,20221231
182,08103,08103.HK,턂커 썐이,20221231,20221231
183,08510,08510.HK,턂커 썐이,20230331,20230331
184,02025,02025.HK,턂커 썐이,20221231,20221231
185,08532,08532.HK,턂커 썐이,20230331,20230331
186,09926,09926.HK,턂커 썐이,20221231,20221231
187,01665,01665.HK,턂커 썐이,20230331,20230331
188,01651,01651.HK,턂커 썐이,20220930,20220930
189,01582,01582.HK,턂커 썐이,20221231,20221231
190,01723,01723.HK,턂커 썐이,20220930,20220930
191,08490,08490.HK,턂커 썐이,20230331,20230331
192,08436,08436.HK,턂커 썐이,20230331,20230331
193,02139,02139.HK,턂커 썐이,20221231,20221231
194,08053,08053.HK,턂커 썐이,20221231,20221231
195,08168,08168.HK,턂커 썐이,20230331,20230331
196,08445,08445.HK,턂커 썐이,20221231,20221231
197,02298,02298.HK,턂커 썐이,20221231,20221231
198,08188,08188.HK,턂커 썐이,20230331,20230331
199,08391,08391.HK,턂커 썐이,20230331,20230331
200,08140,08140.HK,턂커 썐이,20230331,20230331
201,08043,08043.HK,턂커 썐이,20230331,20230331
202,03319,03319.HK,턂커 썐이,20221231,20221231
203,01402,01402.HK,턂커 썐이,20230331,20230331
204,09936,09936.HK,턂커 썐이,20221231,20221231
205,00970,00970.HK,턂커 썐이,20220930,20220930
206,08372,08372.HK,턂커 썐이,20230331,20230331
207,08151,08151.HK,턂커 썐이,20220930,20220930
208,06158,06158.HK,턂커 썐이,20221231,20221231
209,08146,08146.HK,턂커 썐이,20230331,20230331
210,01615,01615.HK,턂커 썐이,20221231,20221231
211,08511,08511.HK,턂커 썐이,20221231,20221231
212,02458,02458.HK,턂커 썐이,20221231,20221231
213,01635,01635.HK,턂커 썐이,20221231,20221231
214,08507,08507.HK,턂커 썐이,20221231,20221231
215,02116,02116.HK,턂커 썐이,20221231,20221231
216,01713,01713.HK,턂커 썐이,20221231,20221231
217,08017,08017.HK,턂커 썐이,20230331,20230331
218,08512,08512.HK,턂커 썐이,20230331,20230331
219,08540,08540.HK,턂커 썐이,20230331,20230331
221,01598,01598.HK,턂커 썐이,20221231,20221231
222,01715,01715.HK,턂커 썐이,20221231,20221231
223,00772,00772.HK,턂커 썐이,20221231,20221231
224,08373,08373.HK,턂커 썐이,20230331,20230331
225,01620,01620.HK,턂커 썐이,20221231,20221231
226,02611,02611.HK,턂커 썐이,20221231,20221231
227,06133,06133.HK,턂커 썐이,20221231,20221231
228,01752,01752.HK,턂커 썐이,20221231,20221231
229,02779,02779.HK,턂커 썐이,20221231,20221231
230,02858,02858.HK,턂커 썐이,20221231,20221231
231,01997,01997.HK,턂커 썐이,20221231,20221231
232,08403,08403.HK,턂커 썐이,20230331,20230331
233,08305,08305.HK,턂커 썐이,20230331,20230331
234,08451,08451.HK,턂커 썐이,20230331,20230331
235,02219,02219.HK,턂커 썐이,20221231,20221231
236,01592,01592.HK,턂커 썐이,20221231,20221231
237,08357,08357.HK,턂커 썐이,20230331,20230331
238,01587,01587.HK,턂커 썐이,20221231,20221231
239,02227,02227.HK,턂커 썐이,20221231,20221231
240,08482,08482.HK,턂커 썐이,20221231,20221231
241,08379,08379.HK,턂커 썐이,20230331,20230331
242,00662,00662.HK,턂커 썐이,20221231,20221231
243,08631,08631.HK,턂커 썐이,20230331,20230331
244,08622,08622.HK,턂커 썐이,20230331,20230331
245,01705,01705.HK,턂커 썐이,20220930,20220930
246,01727,01727.HK,턂커 썐이,20221231,20221231
247,08545,08545.HK,턂커 썐이,20221231,20221231
248,00582,00582.HK,턂커 썐이,20221231,20221231
249,08502,08502.HK,턂커 썐이,20230331,20230331
250,01730,01730.HK,턂커 썐이,20230331,20230331
251,08525,08525.HK,턂커 썐이,20230331,20230331
253,08513,08513.HK,턂커 썐이,20230331,20230331
254,08509,08509.HK,턂커 썐이,20230331,20230331
255,01756,01756.HK,턂커 썐이,20230228,20230228
256,01711,01711.HK,턂커 썐이,20220930,20220930
257,08519,08519.HK,턂커 썐이,20230331,20230331
258,09900,09900.HK,턂커 썐이,20220930,20220930
259,01772,01772.HK,턂커 썐이,20221231,20221231
260,00526,00526.HK,턂커 썐이,20220930,20220930
261,01820,01820.HK,턂커 썐이,20221231,20221231
262,01815,01815.HK,턂커 썐이,20221231,20221231
263,01969,01969.HK,턂커 썐이,20230228,20230228
264,01034,01034.HK,턂커 썐이,20221231,20221231
265,08219,08219.HK,턂커 썐이,20230331,20230331
266,02003,02003.HK,턂커 썐이,20221231,20221231
267,01833,01833.HK,턂커 썐이,20221231,20221231
268,01652,01652.HK,턂커 썐이,20221231,20221231
269,08516,08516.HK,턂커 썐이,20221231,20221231
270,01286,01286.HK,턂커 썐이,20221231,20221231
271,06110,06110.HK,턂커 썐이,20230228,20230228
272,08606,08606.HK,턂커 썐이,20230331,20230331
273,01716,01716.HK,턂커 썐이,20220930,20220930
274,01916,01916.HK,턂커 썐이,20221231,20221231
275,01910,01910.HK,턂커 썐이,20230331,20230331
276,01576,01576.HK,턂커 썐이,20221231,20221231
277,08475,08475.HK,턂커 썐이,20230228,20230228
278,01725,01725.HK,턂커 썐이,20221231,20221231
279,00998,00998.HK,턂커 썐이,20230331,20230331
280,01760,01760.HK,턂커 썐이,20221231,20221231
281,00807,00807.HK,턂커 썐이,20230331,20230331
282,08547,08547.HK,턂커 썐이,20230331,20230331
283,02230,02230.HK,턂커 썐이,20220930,20220930
284,01653,01653.HK,턂커 썐이,20220930,20220930
285,01773,01773.HK,턂커 썐이,20230228,20230228
286,08613,08613.HK,턂커 썐이,20230331,20230331
287,08042,08042.HK,턂커 썐이,20230331,20230331
288,08609,08609.HK,턂커 썐이,20221231,20221231
289,03700,03700.HK,턂커 썐이,20221231,20221231
290,01721,01721.HK,턂커 썐이,20221231,20221231
291,01912,01912.HK,턂커 썐이,20221231,20221231
292,02051,02051.HK,턂커 썐이,20221231,20221231
293,08611,08611.HK,턂커 썐이,20230228,20230228
294,01765,01765.HK,턂커 썐이,20230228,20230228
295,08447,08447.HK,턂커 썐이,20230331,20230331
296,01726,01726.HK,턂커 썐이,20221231,20221231
297,01968,01968.HK,턂커 썐이,20221231,20221231
298,01996,01996.HK,턂커 썐이,20221231,20221231
299,06860,06860.HK,턂커 썐이,20221231,20221231
300,02798,02798.HK,턂커 썐이,20221231,20221231
301,01746,01746.HK,턂커 썐이,20221231,20221231
302,08621,08621.HK,턂커 썐이,20230331,20230331
303,01842,01842.HK,턂커 썐이,20221231,20221231
304,06190,06190.HK,턂커 썐이,20221231,20221231
305,02346,02346.HK,턂커 썐이,20210630,20210630
306,01739,01739.HK,턂커 썐이,20221231,20221231
307,01748,01748.HK,턂커 썐이,20221231,20221231
308,00797,00797.HK,턂커 썐이,20221231,20221231
309,02696,02696.HK,턂커 썐이,20221231,20221231
310,06100,06100.HK,턂커 썐이,20230331,20230331
311,01503,01503.HK,턂커 썐이,20221231,20221231
312,01408,01408.HK,턂커 썐이,20221231,20221231
314,01545,01545.HK,턂커 썐이,20221231,20221231
315,01977,01977.HK,턂커 썐이,20221231,20221231
316,06111,06111.HK,턂커 썐이,20220630,20220630
317,02048,02048.HK,턂커 썐이,20221231,20221231
318,01810,01810.HK,턂커 썐이,20230331,20230331
319,02628,02628.HK,턂커 썐이,20221231,20221231
320,01672,01672.HK,턂커 썐이,20221231,20221231
321,01890,01890.HK,턂커 썐이,20230228,20230228
322,08601,08601.HK,턂커 썐이,20230331,20230331
323,02682,02682.HK,턂커 썐이,20220930,20220930
324,01790,01790.HK,턂커 썐이,20221231,20221231
325,06862,06862.HK,턂커 썐이,20221231,20221231
326,01235,01235.HK,턂커 썐이,20220930,20220930
327,01757,01757.HK,턂커 썐이,20220930,20220930
328,06162,06162.HK,턂커 썐이,20221231,20221231
329,02296,02296.HK,턂커 썐이,20210630,20210630
330,01894,01894.HK,턂커 썐이,20220930,20220930
331,01939,01939.HK,턂커 썐이,20220930,20220930
332,02258,02258.HK,턂커 썐이,20221231,20221231
334,06890,06890.HK,턂커 썐이,20221231,20221231
335,00564,00564.HK,턂커 썐이,20221231,20221231
336,03601,03601.HK,턂커 썐이,20221231,20221231
337,06098,06098.HK,턂커 썐이,20221231,20221231
338,08635,08635.HK,턂커 썐이,20221231,20221231
339,06663,06663.HK,턂커 썐이,20230331,20230331
340,01903,01903.HK,턂커 썐이,20221231,20221231
341,01837,01837.HK,턂커 썐이,20221231,20221231
342,08603,08603.HK,턂커 썐이,20221231,20221231
343,00780,00780.HK,턂커 썐이,20230331,20230331
344,03690,03690.HK,턂커 썐이,20230331,20230331
346,01851,01851.HK,턂커 썐이,20221231,20221231
347,01540,01540.HK,턂커 썐이,20221231,20221231
348,01796,01796.HK,턂커 썐이,20230331,20230331
349,08210,08210.HK,턂커 썐이,20230331,20230331
350,01911,01911.HK,턂커 썐이,20220630,20220630
351,01731,01731.HK,턂커 썐이,20221231,20221231
352,01835,01835.HK,턂커 썐이,20221231,20221231
353,01785,01785.HK,턂커 썐이,20230331,20230331
354,01793,01793.HK,턂커 썐이,20220930,20220930
355,03978,03978.HK,턂커 썐이,20221231,20221231
356,01775,01775.HK,턂커 썐이,20230131,20230131
357,02892,02892.HK,턂커 썐이,20221231,20221231
358,03321,03321.HK,턂커 썐이,20211231,20211231
359,01762,01762.HK,턂커 썐이,20221231,20221231
360,01987,01987.HK,턂커 썐이,20221231,20221231
361,01849,01849.HK,턂커 썐이,20221231,20221231
362,09866,09866.HK,턂커 썐이,20230331,20230331
363,02360,02360.HK,턂커 썐이,20230331,20230331
364,02129,02129.HK,턂커 썐이,20221231,20221231
365,08619,08619.HK,턂커 썐이,20221231,20221231
366,01703,01703.HK,턂커 썐이,20220930,20220930
367,08337,08337.HK,턂커 썐이,20230331,20230331
368,01472,01472.HK,턂커 썐이,20220930,20220930
369,06185,06185.HK,턂커 썐이,20221231,20221231
370,08620,08620.HK,턂커 썐이,20221231,20221231
371,01797,01797.HK,턂커 썐이,20221130,20221130
372,01767,01767.HK,턂커 썐이,20221231,20221231
373,01873,01873.HK,턂커 썐이,20221231,20221231
374,01780,01780.HK,턂커 썐이,20230331,20230331
375,08489,08489.HK,턂커 썐이,20230331,20230331
376,08627,08627.HK,턂커 썐이,20230331,20230331
377,01877,01877.HK,턂커 썐이,20221231,20221231
378,06160,06160.HK,턂커 썐이,20230331,20230331
379,02356,02356.HK,턂커 썐이,20221231,20221231
380,01995,01995.HK,턂커 썐이,20221231,20221231
381,02013,02013.HK,턂커 썐이,20221231,20221231
382,01872,01872.HK,턂커 썐이,20221231,20221231
383,02181,02181.HK,턂커 썐이,20221231,20221231
384,08607,08607.HK,턂커 썐이,20230331,20230331
385,02680,02680.HK,턂커 썐이,20230228,20230228
386,02552,02552.HK,턂커 썐이,20221231,20221231
387,01891,01891.HK,턂커 썐이,20221231,20221231
388,01983,01983.HK,턂커 썐이,20221231,20221231
389,00987,00987.HK,턂커 썐이,20221231,20221231
390,08200,08200.HK,턂커 썐이,20221231,20221231
392,08096,08096.HK,턂커 썐이,20221231,20221231
393,01753,01753.HK,턂커 썐이,20221231,20221231
394,00321,00321.HK,턂커 썐이,20230331,20230331
395,03692,03692.HK,턂커 썐이,20221231,20221231
396,00924,00924.HK,턂커 썐이,20221231,20221231
397,02019,02019.HK,턂커 썐이,20221231,20221231
398,01755,01755.HK,턂커 썐이,20221231,20221231
399,01801,01801.HK,턂커 썐이,20221231,20221231
400,03616,03616.HK,턂커 썐이,20221231,20221231
401,03877,03877.HK,턂커 썐이,20221231,20221231
402,01935,01935.HK,턂커 썐이,20221231,20221231
403,01761,01761.HK,턂커 썐이,20221231,20221231
404,02616,02616.HK,턂커 썐이,20221231,20221231
405,01209,01209.HK,턂커 썐이,20221231,20221231
406,00989,00989.HK,턂커 썐이,20220930,20220930
407,02158,02158.HK,턂커 썐이,20220930,20220930
408,08049,08049.HK,턂커 썐이,20230331,20230331
409,02107,02107.HK,턂커 썐이,20221231,20221231
410,06055,06055.HK,턂커 썐이,20221231,20221231
411,01880,01880.HK,턂커 썐이,20221231,20221231
412,01896,01896.HK,턂커 썐이,20221231,20221231
413,01848,01848.HK,턂커 썐이,20221231,20221231
414,03660,03660.HK,턂커 썐이,20230331,20230331
415,02405,02405.HK,턂커 썐이,20221231,20221231
416,08368,08368.HK,턂커 썐이,20230331,20230331
417,06049,06049.HK,턂커 썐이,20221231,20221231
418,00667,00667.HK,턂커 썐이,20221231,20221231
419,09938,09938.HK,턂커 썐이,20220930,20220930
420,09919,09919.HK,턂커 썐이,20221231,20221231
421,01992,01992.HK,턂커 썐이,20221231,20221231
422,08645,08645.HK,턂커 썐이,20230331,20230331
423,09626,09626.HK,턂커 썐이,20230331,20230331
424,06680,06680.HK,턂커 썐이,20221231,20221231
425,06909,06909.HK,턂커 썐이,20221231,20221231
426,01941,01941.HK,턂커 썐이,20221231,20221231
427,09658,09658.HK,턂커 썐이,20221231,20221231
428,02078,02078.HK,턂커 썐이,20221231,20221231
429,09858,09858.HK,턂커 썐이,20221231,20221231
430,03322,03322.HK,턂커 썐이,20221231,20221231
431,02518,02518.HK,턂커 썐이,20230331,20230331
432,02660,02660.HK,턂커 썐이,20221231,20221231
434,00311,00311.HK,턂커 썐이,20221231,20221231
435,02115,02115.HK,턂커 썐이,20221231,20221231
436,06929,06929.HK,턂커 썐이,20221231,20221231
437,01747,01747.HK,턂커 썐이,20221231,20221231
438,06968,06968.HK,턂커 썐이,20221231,20221231
439,01433,01433.HK,턂커 썐이,20221231,20221231
440,01097,01097.HK,턂커 썐이,20221231,20221231
441,03603,03603.HK,턂커 썐이,20221231,20221231
442,09983,09983.HK,턂커 썐이,20221231,20221231
443,02015,02015.HK,턂커 썐이,20230331,20230331
444,01228,01228.HK,턂커 썐이,20221231,20221231
445,01951,01951.HK,턂커 썐이,20221231,20221231
446,06638,06638.HK,턂커 썐이,20230331,20230331
447,08039,08039.HK,턂커 썐이,20221231,20221231
448,01795,01795.HK,턂커 썐이,20221231,20221231
449,01971,01971.HK,턂커 썐이,20221231,20221231
450,01477,01477.HK,턂커 썐이,20221231,20221231
451,09886,09886.HK,턂커 썐이,20221231,20221231
452,01817,01817.HK,턂커 썐이,20221231,20221231
453,02120,02120.HK,턂커 썐이,20221231,20221231
454,01025,01025.HK,턂커 썐이,20220930,20220930
455,01952,01952.HK,턂커 썐이,20221231,20221231
456,02279,02279.HK,턂커 썐이,20221231,20221231
457,09888,09888.HK,턂커 썐이,20230331,20230331
458,02439,02439.HK,턂커 썐이,20221231,20221231
459,02137,02137.HK,턂커 썐이,20221231,20221231
460,02108,02108.HK,턂커 썐이,20221231,20221231
461,01960,01960.HK,턂커 썐이,20221231,20221231
462,02297,02297.HK,턂커 썐이,20221231,20221231
463,02237,02237.HK,턂커 썐이,20221231,20221231
464,03681,03681.HK,턂커 썐이,20221231,20221231
465,02110,02110.HK,턂커 썐이,20221130,20221130
466,09633,09633.HK,턂커 썐이,20221231,20221231
467,06639,06639.HK,턂커 썐이,20220930,20220930
468,02117,02117.HK,턂커 썐이,20220630,20220630
469,06820,06820.HK,턂커 썐이,20221231,20221231
470,08087,08087.HK,턂커 썐이,20230331,20230331
471,06668,06668.HK,턂커 썐이,20221231,20221231
472,09608,09608.HK,턂커 썐이,20221231,20221231
473,02209,02209.HK,턂커 썐이,20221231,20221231
474,01965,01965.HK,턂커 썐이,20221231,20221231
475,09863,09863.HK,턂커 썐이,20221231,20221231
476,00899,00899.HK,턂커 썐이,20220930,20220930
477,01759,01759.HK,턂커 썐이,20221231,20221231
478,03393,03393.HK,턂커 썐이,20221231,20221231
479,09966,09966.HK,턂커 썐이,20221231,20221231
480,03390,03390.HK,턂커 썐이,20221231,20221231
481,06622,06622.HK,턂커 썐이,20221231,20221231
482,01156,01156.HK,턂커 썐이,20221231,20221231
483,09982,09982.HK,턂커 썐이,20221231,20221231
484,01463,01463.HK,턂커 썐이,20221231,20221231
485,02167,02167.HK,턂커 썐이,20221231,20221231
486,02148,02148.HK,턂커 썐이,20221231,20221231
487,01490,01490.HK,턂커 썐이,20221231,20221231
488,02057,02057.HK,턂커 썐이,20230331,20230331
489,09968,09968.HK,턂커 썐이,20220630,20220630
490,00587,00587.HK,턂커 썐이,20221231,20221231
491,06913,06913.HK,턂커 썐이,20221231,20221231
493,06078,06078.HK,턂커 썐이,20221231,20221231
495,00368,00368.HK,턂커 썐이,20221231,20221231
496,02772,02772.HK,턂커 썐이,20221231,20221231
497,02191,02191.HK,턂커 썐이,20221231,20221231
498,01667,01667.HK,턂커 썐이,20220930,20220930
499,02295,02295.HK,턂커 썐이,20221231,20221231
500,01516,01516.HK,턂커 썐이,20221231,20221231
501,06805,06805.HK,턂커 썐이,20221231,20221231
502,06601,06601.HK,턂커 썐이,20221231,20221231
503,09857,09857.HK,턂커 썐이,20221231,20221231
504,00060,00060.HK,턂커 썐이,20220930,20220930
505,02361,02361.HK,턂커 썐이,20221231,20221231
506,09699,09699.HK,턂커 썐이,20221231,20221231
507,06699,06699.HK,턂커 썐이,20221231,20221231
508,03316,03316.HK,턂커 썐이,20221231,20221231
509,01769,01769.HK,턂커 썐이,20221231,20221231
510,02161,02161.HK,턂커 썐이,20230331,20230331
511,01283,01283.HK,턂커 썐이,20220930,20220930
512,07836,07836.HK,턂커 썐이,20221231,20221231
513,06996,06996.HK,턂커 썐이,20221231,20221231
514,06609,06609.HK,턂커 썐이,20221231,20221231
515,01745,01745.HK,턂커 썐이,20221231,20221231
516,01901,01901.HK,턂커 썐이,20221231,20221231
517,01413,01413.HK,턂커 썐이,20220930,20220930
518,01917,01917.HK,턂커 썐이,20221231,20221231
519,02251,02251.HK,턂커 썐이,20221231,20221231
520,06969,06969.HK,턂커 썐이,20221231,20221231
521,02197,02197.HK,턂커 썐이,20221231,20221231
522,09986,09986.HK,턂커 썐이,20220630,20220630
523,06900,06900.HK,턂커 썐이,20221231,20221231
524,06623,06623.HK,턂커 썐이,20230331,20230331
525,01650,01650.HK,턂커 썐이,20221231,20221231
526,02163,02163.HK,턂커 썐이,20221231,20221231
527,01981,01981.HK,턂커 썐이,20221231,20221231
528,06955,06955.HK,턂커 썐이,20221231,20221231
529,01204,01204.HK,턂커 썐이,20221231,20221231
530,09869,09869.HK,턂커 썐이,20221231,20221231
531,01897,01897.HK,턂커 썐이,20230331,20230331
532,06666,06666.HK,턂커 썐이,20221231,20221231
533,01163,01163.HK,턂커 썐이,20221231,20221231
534,00055,00055.HK,턂커 썐이,20221231,20221231
535,09939,09939.HK,턂커 썐이,20221231,20221231
536,02135,02135.HK,턂커 썐이,20221231,20221231
537,01940,01940.HK,턂커 썐이,20221231,20221231
538,01442,01442.HK,턂커 썐이,20221231,20221231
539,02386,02386.HK,턂커 썐이,20221231,20221231
540,06610,06610.HK,턂커 썐이,20221231,20221231
542,09928,09928.HK,턂커 썐이,20221231,20221231
543,09989,09989.HK,턂커 썐이,20221231,20221231
544,01942,01942.HK,턂커 썐이,20221231,20221231
545,01429,01429.HK,턂커 썐이,20220930,20220930
546,06821,06821.HK,턂커 썐이,20230331,20230331
547,01847,01847.HK,턂커 썐이,20221231,20221231
548,01821,01821.HK,턂커 썐이,20221231,20221231
549,06690,06690.HK,턂커 썐이,20221231,20221231
550,09996,09996.HK,턂커 썐이,20221231,20221231
551,00854,00854.HK,턂커 썐이,20230331,20230331
552,09896,09896.HK,턂커 썐이,20230331,20230331
553,02469,02469.HK,턂커 썐이,20221231,20221231
554,01930,01930.HK,턂커 썐이,20221231,20221231
555,09969,09969.HK,턂커 썐이,20221231,20221231
556,01961,01961.HK,턂커 썐이,20221231,20221231
557,02168,02168.HK,턂커 썐이,20221231,20221231
558,02528,02528.HK,턂커 썐이,20221231,20221231
559,01859,01859.HK,턂커 썐이,20220630,20220630
560,09998,09998.HK,턂커 썐이,20221231,20221231
562,02060,02060.HK,턂커 썐이,20221231,20221231
563,02101,02101.HK,턂커 썐이,20221231,20221231
564,02402,02402.HK,턂커 썐이,20230331,20230331
565,09933,09933.HK,턂커 썐이,20221231,20221231
566,00980,00980.HK,턂커 썐이,20221231,20221231
567,01217,01217.HK,턂커 썐이,20221231,20221231
568,02256,02256.HK,턂커 썐이,20221231,20221231
569,01563,01563.HK,턂커 썐이,20221231,20221231
572,02147,02147.HK,턂커 썐이,20221231,20221231
573,08659,08659.HK,턂커 썐이,20230331,20230331
574,01950,01950.HK,턂커 썐이,20221231,20221231
576,02500,02500.HK,턂커 썐이,20221231,20221231
578,01645,01645.HK,턂커 썐이,20221231,20221231
579,02411,02411.HK,턂커 썐이,20221231,20221231
580,09600,09600.HK,턂커 썐이,20221231,20221231
581,02618,02618.HK,턂커 썐이,20230331,20230331
582,06819,06819.HK,턂커 썐이,20221231,20221231
583,06918,06918.HK,턂커 썐이,20220630,20220630
584,06919,06919.HK,턂커 썐이,20221231,20221231
585,02216,02216.HK,턂커 썐이,20221231,20221231
586,01199,01199.HK,턂커 썐이,20230331,20230331
587,01860,01860.HK,턂커 썐이,20230331,20230331
588,01115,01115.HK,턂커 썐이,20221231,20221231
589,00589,00589.HK,턂커 썐이,20221231,20221231
590,01675,01675.HK,턂커 썐이,20221231,20221231
591,03759,03759.HK,턂커 썐이,20221231,20221231
592,02270,02270.HK,턂커 썐이,20221231,20221231
593,02170,02170.HK,턂커 썐이,20221231,20221231
594,01937,01937.HK,턂커 썐이,20221231,20221231
595,01502,01502.HK,턂커 썐이,20221231,20221231
596,01593,01593.HK,턂커 썐이,20230228,20230228
597,01959,01959.HK,턂커 썐이,20221231,20221231
598,01425,01425.HK,턂커 썐이,20221231,20221231
599,09911,09911.HK,턂커 썐이,20221231,20221231
601,09955,09955.HK,턂커 썐이,20221231,20221231
602,06127,06127.HK,턂커 썐이,20221231,20221231
603,02291,02291.HK,턂커 썐이,20221231,20221231
605,06063,06063.HK,턂커 썐이,20220930,20220930
606,02869,02869.HK,턂커 썐이,20221231,20221231
607,03928,03928.HK,턂커 썐이,20230331,20230331
608,02321,02321.HK,턂커 썐이,20221231,20221231
609,01601,01601.HK,턂커 썐이,20221231,20221231
610,08500,08500.HK,턂커 썐이,20230331,20230331
611,06939,06939.HK,턂커 썐이,20221231,20221231
612,06611,06611.HK,턂커 썐이,20221231,20221231
613,06998,06998.HK,턂커 썐이,20221231,20221231
614,06993,06993.HK,턂커 썐이,20221231,20221231
615,02246,02246.HK,턂커 썐이,20221231,20221231
616,01134,01134.HK,턂커 썐이,20221231,20221231
617,01949,01949.HK,턂커 썐이,20221231,20221231
618,01955,01955.HK,턂커 썐이,20220930,20220930
619,02450,02450.HK,턂커 썐이,20221231,20221231
620,09918,09918.HK,턂커 썐이,20221231,20221231
621,01832,01832.HK,턂커 썐이,20221231,20221231
622,06661,06661.HK,턂커 썐이,20221231,20221231
623,06933,06933.HK,턂커 썐이,20221231,20221231
624,02130,02130.HK,턂커 썐이,20221231,20221231
625,02185,02185.HK,턂커 썐이,20221231,20221231
626,02096,02096.HK,턂커 썐이,20221231,20221231
627,01921,01921.HK,턂커 썐이,20221231,20221231
628,02239,02239.HK,턂커 썐이,20221231,20221231
629,02127,02127.HK,턂커 썐이,20221231,20221231
630,01846,01846.HK,턂커 썐이,20221231,20221231
631,09923,09923.HK,턂커 썐이,20221231,20221231
632,01683,01683.HK,턂커 썐이,20221231,20221231
634,06806,06806.HK,턂커 썐이,20221231,20221231
635,00909,00909.HK,턂커 썐이,20221231,20221231
636,02350,02350.HK,턂커 썐이,20220930,20220930
637,09616,09616.HK,턂커 썐이,20221231,20221231
638,09958,09958.HK,턂커 썐이,20221231,20221231
639,02145,02145.HK,턂커 썐이,20221231,20221231
640,06193,06193.HK,턂커 썐이,20221231,20221231
641,00382,00382.HK,턂커 썐이,20230228,20230228
642,02418,02418.HK,턂커 썐이,20221231,20221231
643,01024,01024.HK,턂커 썐이,20230331,20230331
644,01542,01542.HK,턂커 썐이,20221231,20221231
645,00474,00474.HK,턂커 썐이,20220930,20220930
646,01426,01426.HK,턂커 썐이,20221231,20221231
647,09666,09666.HK,턂커 썐이,20221231,20221231
648,01553,01553.HK,턂커 썐이,20221231,20221231
649,00092,00092.HK,턂커 썐이,20221231,20221231
651,01179,01179.HK,턂커 썐이,20230331,20230331
652,06669,06669.HK,턂커 썐이,20221231,20221231
653,08178,08178.HK,턂커 썐이,20230331,20230331
654,02427,02427.HK,턂커 썐이,20221231,20221231
655,09906,09906.HK,턂커 썐이,20221231,20221231
656,03348,03348.HK,턂커 썐이,20221231,20221231
657,01853,01853.HK,턂커 썐이,20221231,20221231
658,01925,01925.HK,턂커 썐이,20221231,20221231
659,01871,01871.HK,턂커 썐이,20221231,20221231
660,02421,02421.HK,턂커 썐이,20220930,20220930
661,02273,02273.HK,턂커 썐이,20221231,20221231
662,02121,02121.HK,턂커 썐이,20221231,20221231
663,02180,02180.HK,턂커 썐이,20221231,20221231
664,09993,09993.HK,턂커 썐이,20221231,20221231
665,01922,01922.HK,턂커 썐이,20221231,20221231
666,09991,09991.HK,턂커 썐이,20230331,20230331
667,02207,02207.HK,턂커 썐이,20221231,20221231
668,02169,02169.HK,턂커 썐이,20221231,20221231
669,02250,02250.HK,턂커 썐이,20221231,20221231
670,09977,09977.HK,턂커 썐이,20221231,20221231
671,02156,02156.HK,턂커 썐이,20221231,20221231
672,01920,01920.HK,턂커 썐이,20221231,20221231
673,02187,02187.HK,턂커 썐이,20221231,20221231
674,02231,02231.HK,턂커 썐이,20221231,20221231
675,03668,03668.HK,턂커 썐이,20221231,20221231
676,00529,00529.HK,턂커 썐이,20221231,20221231
677,02217,02217.HK,턂커 썐이,20230331,20230331
678,00606,00606.HK,턂커 썐이,20221231,20221231
679,01895,01895.HK,턂커 썐이,20220630,20220630
680,09618,09618.HK,턂커 썐이,20230331,20230331
681,08208,08208.HK,턂커 썐이,20230331,20230331
682,09922,09922.HK,턂커 썐이,20221231,20221231
684,01084,01084.HK,턂커 썐이,20221231,20221231
685,01802,01802.HK,턂커 썐이,20211231,20211231
686,00842,00842.HK,턂커 썐이,20221231,20221231
687,01153,01153.HK,턂커 썐이,20220630,20220630
688,08657,08657.HK,턂커 썐이,20230331,20230331
689,01401,01401.HK,턂커 썐이,20221231,20221231
690,00746,00746.HK,턂커 썐이,20221231,20221231
691,02285,02285.HK,턂커 썐이,20221231,20221231
692,01379,01379.HK,턂커 썐이,20221231,20221231
694,02179,02179.HK,턂커 썐이,20221231,20221231
695,01473,01473.HK,턂커 썐이,20220930,20220930
697,00544,00544.HK,턂커 썐이,20221231,20221231
698,06811,06811.HK,턂커 썐이,20221231,20221231
699,02142,02142.HK,턂커 썐이,20221231,20221231
701,09668,09668.HK,턂커 썐이,20221231,20221231
702,01855,01855.HK,턂커 썐이,20221231,20221231
703,01666,01666.HK,턂커 썐이,20221231,20221231
704,01412,01412.HK,턂커 썐이,20221231,20221231
705,03931,03931.HK,턂커 썐이,20221231,20221231
706,09997,09997.HK,턂커 썐이,20221231,20221231
707,08051,08051.HK,턂커 썐이,20230331,20230331
708,06199,06199.HK,턂커 썐이,20221231,20221231
709,01717,01717.HK,턂커 썐이,20221231,20221231
711,00838,00838.HK,턂커 썐이,20221231,20221231
712,02558,02558.HK,턂커 썐이,20221231,20221231
713,01839,01839.HK,턂커 썐이,20220331,20220331
714,09868,09868.HK,턂커 썐이,20230331,20230331
715,03833,03833.HK,턂커 썐이,20221231,20221231
716,01147,01147.HK,턂커 썐이,20221231,20221231
717,02195,02195.HK,턂커 썐이,20221231,20221231
718,01943,01943.HK,턂커 썐이,20230331,20230331
719,09990,09990.HK,턂커 썐이,20221231,20221231
720,01967,01967.HK,턂커 썐이,20221231,20221231
721,02381,02381.HK,턂커 썐이,20221231,20221231
722,01167,01167.HK,턂커 썐이,20221231,20221231
723,00160,00160.HK,턂커 썐이,20220930,20220930
725,09899,09899.HK,턂커 썐이,20221231,20221231
726,06677,06677.HK,턂커 썐이,20221231,20221231
728,06616,06616.HK,턂커 썐이,20221231,20221231
729,09877,09877.HK,턂커 썐이,20221231,20221231
730,00884,00884.HK,턂커 썐이,20221231,20221231
731,01692,01692.HK,턂커 썐이,20221231,20221231
733,03913,03913.HK,턂커 썐이,20221231,20221231
734,01455,01455.HK,턂커 썐이,20220930,20220930
735,01902,01902.HK,턂커 썐이,20221231,20221231
736,01906,01906.HK,턂커 썐이,20221231,20221231
737,02132,02132.HK,턂커 썐이,20220930,20220930
738,02599,02599.HK,턂커 썐이,20220630,20220630
739,01343,01343.HK,턂커 썐이,20221231,20221231
740,02436,02436.HK,턂커 썐이,20220630,20220630
741,02409,02409.HK,턂커 썐이,20221231,20221231
743,02177,02177.HK,턂커 썐이,20221231,20221231
744,01449,01449.HK,턂커 썐이,20230228,20230228
745,02125,02125.HK,턂커 썐이,20221231,20221231
746,02359,02359.HK,턂커 썐이,20230331,20230331
747,09913,09913.HK,턂커 썐이,20220930,20220930
748,02155,02155.HK,턂커 썐이,20221231,20221231
749,06628,06628.HK,턂커 썐이,20221231,20221231
750,07841,07841.HK,턂커 썐이,20221231,20221231
751,02215,02215.HK,턂커 썐이,20221231,20221231
752,06606,06606.HK,턂커 썐이,20221231,20221231
753,01597,01597.HK,턂커 썐이,20221231,20221231
754,08668,08668.HK,턂커 썐이,20230331,20230331
755,02171,02171.HK,턂커 썐이,20221231,20221231
756,08646,08646.HK,턂커 썐이,20230331,20230331
757,00302,00302.HK,턂커 썐이,20221231,20221231
758,06600,06600.HK,턂커 썐이,20221231,20221231
759,01440,01440.HK,턂커 썐이,20221231,20221231
760,02400,02400.HK,턂커 썐이,20221231,20221231
761,01346,01346.HK,턂커 썐이,20221231,20221231
762,08623,08623.HK,턂커 썐이,20230331,20230331
763,00085,00085.HK,턂커 썐이,20221231,20221231
764,06988,06988.HK,턂커 썐이,20221231,20221231
765,06626,06626.HK,턂커 썐이,20221231,20221231
766,01936,01936.HK,턂커 썐이,20221231,20221231
767,06958,06958.HK,턂커 썐이,20221231,20221231
768,01640,01640.HK,턂커 썐이,20221231,20221231
769,08003,08003.HK,턂커 썐이,20221231,20221231
770,03347,03347.HK,턂커 썐이,20221231,20221231
771,09988,09988.HK,턂커 썐이,20230331,20230331
772,02157,02157.HK,턂커 썐이,20221231,20221231
773,00775,00775.HK,턂커 썐이,20221231,20221231
774,02602,02602.HK,턂커 썐이,20221231,20221231
775,01119,01119.HK,턂커 썐이,20221231,20221231
776,02189,02189.HK,턂커 썐이,20220930,20220930
777,02373,02373.HK,턂커 썐이,20221231,20221231
778,00873,00873.HK,턂커 썐이,20221231,20221231
779,01525,01525.HK,턂커 썐이,20221231,20221231
780,06093,06093.HK,턂커 썐이,20221231,20221231
781,02265,02265.HK,턂커 썐이,20221231,20221231
782,02718,02718.HK,턂커 썐이,20221231,20221231
783,01740,01740.HK,턂커 썐이,20221231,20221231
784,06186,06186.HK,턂커 썐이,20221231,20221231
785,03828,03828.HK,턂커 썐이,20221231,20221231
786,08418,08418.HK,턂커 썐이,20230331,20230331
787,02260,02260.HK,턂커 썐이,20221231,20221231
788,01521,01521.HK,턂커 썐이,20221231,20221231
789,02376,02376.HK,턂커 썐이,20221231,20221231
790,02459,02459.HK,턂커 썐이,20221231,20221231
791,01957,01957.HK,턂커 썐이,20221231,20221231
792,01691,01691.HK,턂커 썐이,20221231,20221231
793,02315,02315.HK,턂커 썐이,20221231,20221231
794,01643,01643.HK,턂커 썐이,20221231,20221231
795,01719,01719.HK,턂커 썐이,20221231,20221231
796,03680,03680.HK,턂커 썐이,20221231,20221231
797,01876,01876.HK,턂커 썐이,20230331,20230331
798,09909,09909.HK,턂커 썐이,20221231,20221231
799,08282,08282.HK,턂커 썐이,20230331,20230331
800,02392,02392.HK,턂커 썐이,20221231,20221231
801,09929,09929.HK,턂커 썐이,20221231,20221231
802,01870,01870.HK,턂커 썐이,20221231,20221231
803,00199,00199.HK,턂커 썐이,20220930,20220930
804,03662,03662.HK,턂커 썐이,20221231,20221231
806,01146,01146.HK,턂커 썐이,20221231,20221231
807,00020,00020.HK,턂커 썐이,20221231,20221231
808,01376,01376.HK,턂커 썐이,20221231,20221231
809,01351,01351.HK,턂커 썐이,20221231,20221231
810,09995,09995.HK,턂커 썐이,20221231,20221231
811,01416,01416.HK,턂커 썐이,20230228,20230228
812,03658,03658.HK,턂커 썐이,20221231,20221231
813,02165,02165.HK,턂커 썐이,20221231,20221231
814,01845,01845.HK,턂커 썐이,20221231,20221231
815,00314,00314.HK,턂커 썐이,20221231,20221231
816,01927,01927.HK,턂커 썐이,20221231,20221231
817,06117,06117.HK,턂커 썐이,20221231,20221231
818,02160,02160.HK,턂커 썐이,20221231,20221231
819,02131,02131.HK,턂커 썐이,20221231,20221231
820,01501,01501.HK,턂커 썐이,20221231,20221231
821,08617,08617.HK,턂커 썐이,20230331,20230331
822,06989,06989.HK,턂커 썐이,20221231,20221231
823,02370,02370.HK,턂커 썐이,20220630,20220630
824,01861,01861.HK,턂커 썐이,20221231,20221231
825,09999,09999.HK,턂커 썐이,20230331,20230331
826,01701,01701.HK,턂커 썐이,20221231,20221231
828,06999,06999.HK,턂커 썐이,20221231,20221231
829,00123,00123.HK,턂커 썐이,20221231,20221231
831,03718,03718.HK,턂커 썐이,20221231,20221231
832,08616,08616.HK,턂커 썐이,20221231,20221231
833,06978,06978.HK,턂커 썐이,20221231,20221231
834,06618,06618.HK,턂커 썐이,20221231,20221231
835,01489,01489.HK,턂커 썐이,20220930,20220930
836,09960,09960.HK,턂커 썐이,20221231,20221231
837,01875,01875.HK,턂커 썐이,20221231,20221231
838,00434,00434.HK,턂커 썐이,20230331,20230331
839,00816,00816.HK,턂커 썐이,20221231,20221231
840,02263,02263.HK,턂커 썐이,20220930,20220930
841,01608,01608.HK,턂커 썐이,20221231,20221231
842,02385,02385.HK,턂커 썐이,20221231,20221231
843,09992,09992.HK,턂커 썐이,20221231,20221231
845,02325,02325.HK,턂커 썐이,20221231,20221231
846,02210,02210.HK,턂커 썐이,20221231,20221231
847,02257,02257.HK,턂커 썐이,20221231,20221231
848,09916,09916.HK,턂커 썐이,20221231,20221231
850,06698,06698.HK,턂커 썐이,20221231,20221231
851,02433,02433.HK,턂커 썐이,20221231,20221231
852,09979,09979.HK,턂커 썐이,20221231,20221231
853,09878,09878.HK,턂커 썐이,20221231,20221231
854,01066,01066.HK,턂커 썐이,20221231,20221231
855,06878,06878.HK,턂커 썐이,20221231,20221231
857,08496,08496.HK,턂커 썐이,20230331,20230331
858,06855,06855.HK,턂커 썐이,20221231,20221231
861,09908,09908.HK,턂커 썐이,20221231,20221231
862,09898,09898.HK,턂커 썐이,20230331,20230331
863,02372,02372.HK,턂커 썐이,20221231,20221231
864,03896,03896.HK,턂커 썐이,20230331,20230331
865,01220,01220.HK,턂커 썐이,20220930,20220930
866,09688,09688.HK,턂커 썐이,20230331,20230331
867,02146,02146.HK,턂커 썐이,20221231,20221231
868,06608,06608.HK,턂커 썐이,20221231,20221231
869,01953,01953.HK,턂커 썐이,20221031,20221031
871,01945,01945.HK,턂커 썐이,20221231,20221231
872,02175,02175.HK,턂커 썐이,20220228,20220228
873,03686,03686.HK,턂커 썐이,20221231,20221231
875,09698,09698.HK,턂커 썐이,20230331,20230331
877,09956,09956.HK,턂커 썐이,20221231,20221231
878,09961,09961.HK,턂커 썐이,20230331,20230331
879,02126,02126.HK,턂커 썐이,20221231,20221231
880,02192,02192.HK,턂커 썐이,20221231,20221231
881,02455,02455.HK,턂커 썐이,20221231,20221231
882,02235,02235.HK,턂커 썐이,20221231,20221231
883,00524,00524.HK,턂커 썐이,20221231,20221231
884,02252,02252.HK,턂커 썐이,20221231,20221231
885,02245,02245.HK,턂커 썐이,20221231,20221231
886,02482,02482.HK,턂커 썐이,20221231,20221231
887,02150,02150.HK,턂커 썐이,20221231,20221231
888,02407,02407.HK,턂커 썐이,20221231,20221231
889,01247,01247.HK,턂커 썐이,20221231,20221231
890,02205,02205.HK,턂커 썐이,20220630,20220630
891,02352,02352.HK,턂커 썐이,20221231,20221231
892,09959,09959.HK,턂커 썐이,20221231,20221231
893,09696,09696.HK,턂커 썐이,20221231,20221231
894,06633,06633.HK,턂커 썐이,20221231,20221231
895,02190,02190.HK,턂커 썐이,20221231,20221231
896,02391,02391.HK,턂커 썐이,20230331,20230331
897,06689,06689.HK,턂커 썐이,20221231,20221231
898,02423,02423.HK,턂커 썐이,20230331,20230331
899,06667,06667.HK,턂커 썐이,20221231,20221231
900,01948,01948.HK,턂커 썐이,20221231,20221231
901,02306,02306.HK,턂커 썐이,20221231,20221231
902,02390,02390.HK,턂커 썐이,20230331,20230331
903,08226,08226.HK,턂커 썐이,20230331,20230331
904,08112,08112.HK,턂커 썐이,20230331,20230331
905,02276,02276.HK,턂커 썐이,20221231,20221231
907,02420,02420.HK,턂커 썐이,20221231,20221231
908,00685,00685.HK,턂커 썐이,20230331,20230331
909,02425,02425.HK,턂커 썐이,20221231,20221231
910,00064,00064.HK,턂커 썐이,20220930,20220930
911,07827,07827.HK,턂커 썐이,20221231,20221231
912,01405,01405.HK,턂커 썐이,20221231,20221231
919,09638,09638.HK,턂커 썐이,20221231,20221231
920,00069,00069.HK,턂커 썐이,20221231,20221231
921,01038,01038.HK,턂커 썐이,20221231,20221231
922,00019,00019.HK,턂커 썐이,20221231,20221231
923,00511,00511.HK,턂커 썐이,20221231,20221231
924,00023,00023.HK,턂커 썐이,20221231,20221231
925,00315,00315.HK,턂커 썐이,20221231,20221231
926,00267,00267.HK,턂커 썐이,20221231,20221231
927,00041,00041.HK,턂커 썐이,20221231,20221231
928,00291,00291.HK,턂커 썐이,20221231,20221231
929,00010,00010.HK,턂커 썐이,20221231,20221231
930,00012,00012.HK,턂커 썐이,20221231,20221231
931,00003,00003.HK,턂커 썐이,20221231,20221231
932,00242,00242.HK,턂커 썐이,20221231,20221231
933,00045,00045.HK,턂커 썐이,20221231,20221231
934,00006,00006.HK,턂커 썐이,20221231,20221231
935,00363,00363.HK,턂커 썐이,20221231,20221231
936,00083,00083.HK,턂커 썐이,20221231,20221231
937,00522,00522.HK,턂커 썐이,20230331,20230331
939,00900,00900.HK,턂커 썐이,20230228,20230228
940,00030,00030.HK,턂커 썐이,20210930,20210930
941,00392,00392.HK,턂커 썐이,20221231,20221231
942,00308,00308.HK,턂커 썐이,20221231,20221231
943,00057,00057.HK,턂커 썐이,20220930,20220930
944,01123,01123.HK,턂커 썐이,20220930,20220930
945,00341,00341.HK,턂커 썐이,20230331,20230331
946,01093,01093.HK,턂커 썐이,20230331,20230331
947,01938,01938.HK,턂커 썐이,20221231,20221231
948,00585,00585.HK,턂커 썐이,20221231,20221231
949,00418,00418.HK,턂커 썐이,20221231,20221231
950,00694,00694.HK,턂커 썐이,20221231,20221231
951,00393,00393.HK,턂커 썐이,20221231,20221231
952,00506,00506.HK,턂커 썐이,20221231,20221231
953,00135,00135.HK,턂커 썐이,20221231,20221231
954,00440,00440.HK,턂커 썐이,20221231,20221231
955,00144,00144.HK,턂커 썐이,20221231,20221231
956,00688,00688.HK,턂커 썐이,20221231,20221231
957,00066,00066.HK,턂커 썐이,20221231,20221231
958,08072,08072.HK,턂커 썐이,20230331,20230331
959,00004,00004.HK,턂커 썐이,20221231,20221231
960,01052,01052.HK,턂커 썐이,20221231,20221231
961,01044,01044.HK,턂커 썐이,20221231,20221231
962,00053,00053.HK,턂커 썐이,20221231,20221231
963,00480,00480.HK,턂커 썐이,20230331,20230331
964,00113,00113.HK,턂커 썐이,20230331,20230331
965,00293,00293.HK,턂커 썐이,20221231,20221231
966,01176,01176.HK,턂커 썐이,20221231,20221231
967,00330,00330.HK,턂커 썐이,20221231,20221231
968,00101,00101.HK,턂커 썐이,20221231,20221231
969,00583,00583.HK,턂커 썐이,20221231,20221231
970,00178,00178.HK,턂커 썐이,20230331,20230331
971,00255,00255.HK,턂커 썐이,20221231,20221231
973,01686,01686.HK,턂커 썐이,20221231,20221231
974,00243,00243.HK,턂커 썐이,20221031,20221031
975,00710,00710.HK,턂커 썐이,20221231,20221231
976,00760,00760.HK,턂커 썐이,20221231,20221231
977,00050,00050.HK,턂커 썐이,20221231,20221231
978,01989,01989.HK,턂커 썐이,20230331,20230331
979,00167,00167.HK,턂커 썐이,20220630,20220630
980,01200,01200.HK,턂커 썐이,20221231,20221231
981,01138,01138.HK,턂커 썐이,20221231,20221231
982,01170,01170.HK,턂커 썐이,20220930,20220930
983,01109,01109.HK,턂커 썐이,20221231,20221231
984,01202,01202.HK,턂커 썐이,20221231,20221231
985,01098,01098.HK,턂커 썐이,20221231,20221231
986,00638,00638.HK,턂커 썐이,20220930,20220930
987,08033,08033.HK,턂커 썐이,20230331,20230331
988,00670,00670.HK,턂커 썐이,20221231,20221231
989,00696,00696.HK,턂커 썐이,20221231,20221231
990,00966,00966.HK,턂커 썐이,20221231,20221231
991,08021,08021.HK,턂커 썐이,20230131,20230131
992,02383,02383.HK,턂커 썐이,20221231,20221231
993,01357,01357.HK,턂커 썐이,20221231,20221231
994,00593,00593.HK,턂커 썐이,20221231,20221231
995,00921,00921.HK,턂커 썐이,20230331,20230331
996,00676,00676.HK,턂커 썐이,20221231,20221231
997,01205,01205.HK,턂커 썐이,20221231,20221231
998,01071,01071.HK,턂커 썐이,20221231,20221231
999,00831,00831.HK,턂커 썐이,20221231,20221231
1000,02886,02886.HK,턂커 썐이,20221231,20221231
1001,00576,00576.HK,턂커 썐이,20230331,20230331
1002,00148,00148.HK,턂커 썐이,20221231,20221231
1003,00420,00420.HK,턂커 썐이,20221231,20221231
1004,00722,00722.HK,턂커 썐이,20221231,20221231
1005,00914,00914.HK,턂커 썐이,20221231,20221231
1006,00038,00038.HK,턂커 썐이,20230331,20230331
1007,00518,00518.HK,턂커 썐이,20220930,20220930
1008,00124,00124.HK,턂커 썐이,20221231,20221231
1009,00345,00345.HK,턂커 썐이,20230331,20230331
1010,03968,03968.HK,턂커 썐이,20230331,20230331
1011,00874,00874.HK,턂커 썐이,20230331,20230331
1012,00323,00323.HK,턂커 썐이,20230331,20230331
1013,00042,00042.HK,턂커 썐이,20221231,20221231
1014,00165,00165.HK,턂커 썐이,20221231,20221231
1015,01166,01166.HK,턂커 썐이,20221231,20221231
1016,00347,00347.HK,턂커 썐이,20230331,20230331
1017,03339,03339.HK,턂커 썐이,20221231,20221231
1018,00719,00719.HK,턂커 썐이,20230331,20230331
1019,08006,08006.HK,턂커 썐이,20230331,20230331
1020,00168,00168.HK,턂커 썐이,20230331,20230331
1021,01272,01272.HK,턂커 썐이,20221231,20221231
1022,00682,00682.HK,턂커 썐이,20221231,20221231
1023,00046,00046.HK,턂커 썐이,20221231,20221231
1024,02329,02329.HK,턂커 썐이,20221231,20221231
1025,01122,01122.HK,턂커 썐이,20221231,20221231
1026,00358,00358.HK,턂커 썐이,20221231,20221231
1027,01053,01053.HK,턂커 썐이,20230331,20230331
1028,00995,00995.HK,턂커 썐이,20221231,20221231
1029,00316,00316.HK,턂커 썐이,20221231,20221231
1030,00754,00754.HK,턂커 썐이,20221231,20221231
1031,00317,00317.HK,턂커 썐이,20230331,20230331
1032,00751,00751.HK,턂커 썐이,20221231,20221231
1033,08026,08026.HK,턂커 썐이,20221231,20221231
1034,00450,00450.HK,턂커 썐이,20221231,20221231
1035,00626,00626.HK,턂커 썐이,20221231,20221231
1036,00984,00984.HK,턂커 썐이,20221231,20221231
1037,00551,00551.HK,턂커 썐이,20230331,20230331
1038,00683,00683.HK,턂커 썐이,20221231,20221231
1039,00717,00717.HK,턂커 썐이,20230331,20230331
1040,00062,00062.HK,턂커 썐이,20221231,20221231
1041,01225,01225.HK,턂커 썐이,20221231,20221231
1042,01083,01083.HK,턂커 썐이,20221231,20221231
1043,00553,00553.HK,턂커 썐이,20230331,20230331
1044,01072,01072.HK,턂커 썐이,20230331,20230331
1045,02324,02324.HK,턂커 썐이,20230331,20230331
1046,01046,01046.HK,턂커 썐이,20221231,20221231
1047,00018,00018.HK,턂커 썐이,20230331,20230331
1048,00747,00747.HK,턂커 썐이,20221231,20221231
1049,00983,00983.HK,턂커 썐이,20221231,20221231
1050,08095,08095.HK,턂커 썐이,20230331,20230331
1051,08270,08270.HK,턂커 썐이,20230331,20230331
1052,00245,00245.HK,턂커 썐이,20221231,20221231
1053,00125,00125.HK,턂커 썐이,20220930,20220930
1054,02023,02023.HK,턂커 썐이,20221231,20221231
1055,00693,00693.HK,턂커 썐이,20221231,20221231
1056,01070,01070.HK,턂커 썐이,20221231,20221231
1057,08028,08028.HK,턂커 썐이,20230331,20230331
1058,00322,00322.HK,턂커 썐이,20221231,20221231
1059,00610,00610.HK,턂커 썐이,20221231,20221231
1060,00548,00548.HK,턂커 썐이,20230331,20230331
1061,01313,01313.HK,턂커 썐이,20230331,20230331
1062,00809,00809.HK,턂커 썐이,20221231,20221231
1063,00187,00187.HK,턂커 썐이,20230331,20230331
1064,01133,01133.HK,턂커 썐이,20221231,20221231
1065,01108,01108.HK,턂커 썐이,20230331,20230331
1066,00367,00367.HK,턂커 썐이,20220930,20220930
1067,00177,00177.HK,턂커 썐이,20230331,20230331
1068,08005,08005.HK,턂커 썐이,20230331,20230331
1069,01229,01229.HK,턂커 썐이,20220930,20220930
1070,00731,00731.HK,턂커 썐이,20221231,20221231
1071,00519,00519.HK,턂커 썐이,20221231,20221231
1072,00815,00815.HK,턂커 썐이,20221231,20221231
1073,03600,03600.HK,턂커 썐이,20221231,20221231
1074,00237,00237.HK,턂커 썐이,20220930,20220930
1075,01073,01073.HK,턂커 썐이,20221231,20221231
1076,00590,00590.HK,턂커 썐이,20220930,20220930
1077,00129,00129.HK,턂커 썐이,20220930,20220930
1078,00373,00373.HK,턂커 썐이,20221231,20221231
1079,00071,00071.HK,턂커 썐이,20221231,20221231
1080,00156,00156.HK,턂커 썐이,20221231,20221231
1081,00279,00279.HK,턂커 썐이,20220930,20220930
1082,00306,00306.HK,턂커 썐이,20220930,20220930
1083,00186,00186.HK,턂커 썐이,20220930,20220930
1084,01196,01196.HK,턂커 썐이,20221231,20221231
1085,01221,01221.HK,턂커 썐이,20221231,20221231
1086,00439,00439.HK,턂커 썐이,20221231,20221231
1087,00119,00119.HK,턂커 썐이,20221231,20221231
1088,00715,00715.HK,턂커 썐이,20221231,20221231
1089,00294,00294.HK,턂커 썐이,20220930,20220930
1090,00432,00432.HK,턂커 썐이,20221231,20221231
1091,00028,00028.HK,턂커 썐이,20221231,20221231
1093,00227,00227.HK,턂커 썐이,20221231,20221231
1094,00621,00621.HK,턂커 썐이,20220930,20220930
1095,00058,00058.HK,턂커 썐이,20221231,20221231
1096,00032,00032.HK,턂커 썐이,20221231,20221231
1097,00491,00491.HK,턂커 썐이,20221231,20221231
1098,00305,00305.HK,턂커 썐이,20221231,20221231
1099,00105,00105.HK,턂커 썐이,20220930,20220930
1100,00295,00295.HK,턂커 썐이,20221231,20221231
1101,01120,01120.HK,턂커 썐이,20221231,20221231
1102,00451,00451.HK,턂커 썐이,20221231,20221231
1103,00269,00269.HK,턂커 썐이,20220930,20220930
1104,00711,00711.HK,턂커 썐이,20220930,20220930
1105,00052,00052.HK,턂커 썐이,20220930,20220930
1106,00118,00118.HK,턂커 썐이,20221231,20221231
1107,00258,00258.HK,턂커 썐이,20221231,20221231
1108,00996,00996.HK,턂커 썐이,20210630,20210630
1109,01063,01063.HK,턂커 썐이,20221231,20221231
1110,00207,00207.HK,턂커 썐이,20221231,20221231
1111,00398,00398.HK,턂커 썐이,20230331,20230331
1112,00088,00088.HK,턂커 썐이,20220930,20220930
1113,00224,00224.HK,턂커 썐이,20220930,20220930
1114,00588,00588.HK,턂커 썐이,20221231,20221231
1115,01165,01165.HK,턂커 썐이,20221231,20221231
1116,00657,00657.HK,턂커 썐이,20230331,20230331
1117,00122,00122.HK,턂커 썐이,20230131,20230131
1118,01182,01182.HK,턂커 썐이,20220930,20220930
1119,00938,00938.HK,턂커 썐이,20220930,20220930
1120,00334,00334.HK,턂커 썐이,20221231,20221231
1122,00677,00677.HK,턂커 썐이,20230331,20230331
1123,00616,00616.HK,턂커 썐이,20220930,20220930
1124,00051,00051.HK,턂커 썐이,20221231,20221231
1125,00604,00604.HK,턂커 썐이,20221231,20221231
1126,00226,00226.HK,턂커 썐이,20221231,20221231
1127,02030,02030.HK,턂커 썐이,20221231,20221231
1128,01050,01050.HK,턂커 썐이,20220930,20220930
1129,00126,00126.HK,턂커 썐이,20220930,20220930
1131,00084,00084.HK,턂커 썐이,20220930,20220930
1132,00287,00287.HK,턂커 썐이,20220930,20220930
1133,00495,00495.HK,턂커 썐이,20221231,20221231
1134,00547,00547.HK,턂커 썐이,20221231,20221231
1135,00488,00488.HK,턂커 썐이,20230131,20230131
1136,00738,00738.HK,턂커 썐이,20230228,20230228
1137,01047,01047.HK,턂커 썐이,20221231,20221231
1138,00851,00851.HK,턂커 썐이,20221231,20221231
1139,00406,00406.HK,턂커 썐이,20220930,20220930
1140,00771,00771.HK,턂커 썐이,20221231,20221231
1141,00716,00716.HK,턂커 썐이,20221231,20221231
1142,00328,00328.HK,턂커 썐이,20220930,20220930
1143,00882,00882.HK,턂커 썐이,20221231,20221231
1144,01105,01105.HK,턂커 썐이,20221231,20221231
1145,00684,00684.HK,턂커 썐이,20220930,20220930
1146,00082,00082.HK,턂커 썐이,20221231,20221231
1147,00752,00752.HK,턂커 썐이,20221031,20221031
1148,02008,02008.HK,턂커 썐이,20221231,20221231
1149,00114,00114.HK,턂커 썐이,20220930,20220930
1150,00146,00146.HK,턂커 썐이,20221231,20221231
1151,00222,00222.HK,턂커 썐이,20221231,20221231
1152,00650,00650.HK,턂커 썐이,20220930,20220930
1153,00342,00342.HK,턂커 썐이,20210630,20210630
1154,00603,00603.HK,턂커 썐이,20221231,20221231
1155,00103,00103.HK,턂커 썐이,20221231,20221231
1156,00061,00061.HK,턂커 썐이,20221231,20221231
1157,00894,00894.HK,턂커 썐이,20221231,20221231
1158,00928,00928.HK,턂커 썐이,20220930,20220930
1159,00171,00171.HK,턂커 썐이,20221231,20221231
1160,00458,00458.HK,턂커 썐이,20221231,20221231
1161,01629,01629.HK,턂커 썐이,20221231,20221231
1162,00608,00608.HK,턂커 썐이,20221231,20221231
1163,00403,00403.HK,턂커 썐이,20220930,20220930
1164,00570,00570.HK,턂커 썐이,20221231,20221231
1165,00388,00388.HK,턂커 썐이,20230331,20230331
1166,00369,00369.HK,턂커 썐이,20221231,20221231
1167,00542,00542.HK,턂커 썐이,20221231,20221231
1168,00560,00560.HK,턂커 썐이,20221231,20221231
1169,00627,00627.HK,턂커 썐이,20221231,20221231
1170,00641,00641.HK,턂커 썐이,20221231,20221231
1171,00383,00383.HK,턂커 썐이,20221231,20221231
1172,00002,00002.HK,턂커 썐이,20221231,20221231
1173,00236,00236.HK,턂커 썐이,20221231,20221231
1174,00769,00769.HK,턂커 썐이,20221231,20221231
1176,00532,00532.HK,턂커 썐이,20221231,20221231
1177,00179,00179.HK,턂커 썐이,20230331,20230331
1178,00247,00247.HK,턂커 썐이,20221231,20221231
1179,00510,00510.HK,턂커 썐이,20221231,20221231
1180,00250,00250.HK,턂커 썐이,20221231,20221231
1181,00097,00097.HK,턂커 썐이,20221231,20221231
1182,00025,00025.HK,턂커 썐이,20220930,20220930
1183,08281,08281.HK,턂커 썐이,20230331,20230331
1184,00643,00643.HK,턂커 썐이,20221231,20221231
1185,00613,00613.HK,턂커 썐이,20221231,20221231
1187,00770,00770.HK,턂커 썐이,20221231,20221231
1188,00485,00485.HK,턂커 썐이,20220930,20220930
1189,01125,01125.HK,턂커 썐이,20230131,20230131
1190,01036,01036.HK,턂커 썐이,20221231,20221231
1191,00035,00035.HK,턂커 썐이,20220930,20220930
1192,00080,00080.HK,턂커 썐이,20221231,20221231
1193,00127,00127.HK,턂커 썐이,20221231,20221231
1194,00525,00525.HK,턂커 썐이,20221231,20221231
1195,00669,00669.HK,턂커 썐이,20221231,20221231
1196,00142,00142.HK,턂커 썐이,20221231,20221231
1197,00040,00040.HK,턂커 썐이,20230331,20230331
1198,00517,00517.HK,턂커 썐이,20221231,20221231
1199,00133,00133.HK,턂커 썐이,20221231,20221231
1200,00152,00152.HK,턂커 썐이,20221231,20221231
1201,00138,00138.HK,턂커 썐이,20221231,20221231
1202,00425,00425.HK,턂커 썐이,20221231,20221231
1203,00158,00158.HK,턂커 썐이,20230331,20230331
1204,00411,00411.HK,턂커 썐이,20221231,20221231
1205,00256,00256.HK,턂커 썐이,20221231,20221231
1206,01055,01055.HK,턂커 썐이,20221231,20221231
1207,08406,08406.HK,턂커 썐이,20230331,20230331
1208,00857,00857.HK,턂커 썐이,20230331,20230331
1210,00992,00992.HK,턂커 썐이,20230331,20230331
1211,00008,00008.HK,턂커 썐이,20221231,20221231
1212,00991,00991.HK,턂커 썐이,20221231,20221231
1213,00107,00107.HK,턂커 썐이,20221231,20221231
1214,00303,00303.HK,턂커 썐이,20230331,20230331
1215,00016,00016.HK,턂커 썐이,20221231,20221231
1216,00086,00086.HK,턂커 썐이,20221231,20221231
1217,01712,01712.HK,턂커 썐이,20221231,20221231
1218,01114,01114.HK,턂커 썐이,20221231,20221231
1219,01137,01137.HK,턂커 썐이,20221231,20221231
1220,00883,00883.HK,턂커 썐이,20221231,20221231
1221,00709,00709.HK,턂커 썐이,20221231,20221231
1222,02293,02293.HK,턂커 썐이,20221231,20221231
1223,00014,00014.HK,턂커 썐이,20221231,20221231
1225,00659,00659.HK,턂커 썐이,20221231,20221231
1226,02188,02188.HK,턂커 썐이,20221231,20221231
1227,00154,00154.HK,턂커 썐이,20221231,20221231
1228,00622,00622.HK,턂커 썐이,20221231,20221231
1229,01177,01177.HK,턂커 썐이,20221231,20221231
1230,01168,01168.HK,턂커 썐이,20221231,20221231
1231,00027,00027.HK,턂커 썐이,20221231,20221231
1232,00865,00865.HK,턂커 썐이,20221231,20221231
1233,00188,00188.HK,턂커 썐이,20221231,20221231
1234,00232,00232.HK,턂커 썐이,20221231,20221231
1235,00332,00332.HK,턂커 썐이,20220930,20220930
1236,00941,00941.HK,턂커 썐이,20230331,20230331
1237,00902,00902.HK,턂커 썐이,20221231,20221231
1238,00338,00338.HK,턂커 썐이,20221231,20221231
1239,00386,00386.HK,턂커 썐이,20221231,20221231
1240,01171,01171.HK,턂커 썐이,20221231,20221231
1241,00762,00762.HK,턂커 썐이,20230331,20230331
1242,02388,02388.HK,턂커 썐이,20221231,20221231
1243,00472,00472.HK,턂커 썐이,20221231,20221231
1244,00343,00343.HK,턂커 썐이,20220930,20220930
1245,00251,00251.HK,턂커 썐이,20221231,20221231
1246,00500,00500.HK,턂커 썐이,20221231,20221231
1247,00601,00601.HK,턂커 썐이,20221231,20221231
1248,00993,00993.HK,턂커 썐이,20221231,20221231
1249,00202,00202.HK,턂커 썐이,20220930,20220930
1250,00214,00214.HK,턂커 썐이,20220930,20220930
1251,00130,00130.HK,턂커 썐이,20220930,20220930
1252,00128,00128.HK,턂커 썐이,20221231,20221231
1253,00934,00934.HK,턂커 썐이,20221231,20221231
1254,00858,00858.HK,턂커 썐이,20220930,20220930
1255,01443,01443.HK,턂커 썐이,20220930,20220930
1256,00668,00668.HK,턂커 썐이,20221231,20221231
1257,00385,00385.HK,턂커 썐이,20221231,20221231
1258,00297,00297.HK,턂커 썐이,20221231,20221231
1259,00292,00292.HK,턂커 썐이,20220930,20220930
1260,08325,08325.HK,턂커 썐이,20221231,20221231
1261,00377,00377.HK,턂커 썐이,20221231,20221231
1262,01104,01104.HK,턂커 썐이,20221231,20221231
1263,00241,00241.HK,턂커 썐이,20230331,20230331
1264,00375,00375.HK,턂커 썐이,20220930,20220930
1265,00455,00455.HK,턂커 썐이,20221231,20221231
1266,00176,00176.HK,턂커 썐이,20221231,20221231
1267,01118,01118.HK,턂커 썐이,20221231,20221231
1268,00888,00888.HK,턂커 썐이,20221231,20221231
1269,01180,01180.HK,턂커 썐이,20221231,20221231
1270,02369,02369.HK,턂커 썐이,20221231,20221231
1271,00021,00021.HK,턂커 썐이,20221231,20221231
1272,00408,00408.HK,턂커 썐이,20221231,20221231
1273,00915,00915.HK,턂커 썐이,20221231,20221231
1274,00182,00182.HK,턂커 썐이,20221231,20221231
1275,01159,01159.HK,턂커 썐이,20220630,20220630
1276,00687,00687.HK,턂커 썐이,20221231,20221231
1277,00075,00075.HK,턂커 썐이,20221231,20221231
1278,01189,01189.HK,턂커 썐이,20220630,20220630
1279,00704,00704.HK,턂커 썐이,20221231,20221231
1280,01173,01173.HK,턂커 썐이,20220930,20220930
1281,00132,00132.HK,턂커 썐이,20221231,20221231
1282,00094,00094.HK,턂커 썐이,20221231,20221231
1283,00333,00333.HK,턂커 썐이,20221231,20221231
1284,00271,00271.HK,턂커 썐이,20221231,20221231
1285,00252,00252.HK,턂커 썐이,20220930,20220930
1286,00070,00070.HK,턂커 썐이,20221231,20221231
1287,01126,01126.HK,턂커 썐이,20221231,20221231
1288,00197,00197.HK,턂커 썐이,20221231,20221231
1289,00351,00351.HK,턂커 썐이,20221231,20221231
1290,00611,00611.HK,턂커 썐이,20221231,20221231
1291,00768,00768.HK,턂커 썐이,20230331,20230331
1292,00225,00225.HK,턂커 썐이,20230331,20230331
1293,00205,00205.HK,턂커 썐이,20221231,20221231
1294,00508,00508.HK,턂커 썐이,20220930,20220930
1295,00266,00266.HK,턂커 썐이,20220930,20220930
1296,01193,01193.HK,턂커 썐이,20221231,20221231
1297,00184,00184.HK,턂커 썐이,20221231,20221231
1298,00557,00557.HK,턂커 썐이,20221231,20221231
1299,00191,00191.HK,턂커 썐이,20230131,20230131
1300,01184,01184.HK,턂커 썐이,20221231,20221231
1301,01164,01164.HK,턂커 썐이,20221231,20221231
1302,01033,01033.HK,턂커 썐이,20221231,20221231
1303,00635,00635.HK,턂커 썐이,20221231,20221231
1304,00273,00273.HK,턂커 썐이,20221231,20221231
1305,00147,00147.HK,턂커 썐이,20220930,20220930
1306,00498,00498.HK,턂커 썐이,20220930,20220930
1307,00990,00990.HK,턂커 썐이,20221231,20221231
1308,02088,02088.HK,턂커 썐이,20221231,20221231
1309,00230,00230.HK,턂커 썐이,20221231,20221231
1310,00397,00397.HK,턂커 썐이,20221231,20221231
1311,01037,01037.HK,턂커 썐이,20221231,20221231
1312,01373,01373.HK,턂커 썐이,20221031,20221031
1313,00620,00620.HK,턂커 썐이,20221231,20221231
1314,00031,00031.HK,턂커 썐이,20221231,20221231
1315,06858,06858.HK,턂커 썐이,20230331,20230331
1316,02600,02600.HK,턂커 썐이,20221231,20221231
1317,00931,00931.HK,턂커 썐이,20220930,20220930
1318,01075,01075.HK,턂커 썐이,20221231,20221231
1319,00264,00264.HK,턂커 썐이,20221231,20221231
1320,00169,00169.HK,턂커 썐이,20221231,20221231
1321,00384,00384.HK,턂커 썐이,20220930,20220930
1322,00362,00362.HK,턂커 썐이,20221231,20221231
1323,00907,00907.HK,턂커 썐이,20220930,20220930
1324,01076,01076.HK,턂커 썐이,20211231,20211231
1325,00927,00927.HK,턂커 썐이,20220930,20220930
1326,00274,00274.HK,턂커 썐이,20221231,20221231
1327,00702,00702.HK,턂커 썐이,20221231,20221231
1328,01211,01211.HK,턂커 썐이,20230331,20230331
1329,00655,00655.HK,턂커 썐이,20221231,20221231
1330,03848,03848.HK,턂커 썐이,20221231,20221231
1331,02883,02883.HK,턂커 썐이,20221231,20221231
1332,00728,00728.HK,턂커 썐이,20230331,20230331
1333,00357,00357.HK,턂커 썐이,20221231,20221231
1334,02488,02488.HK,턂커 썐이,20221231,20221231
1335,00598,00598.HK,턂커 썐이,20230331,20230331
1336,02119,02119.HK,턂커 썐이,20221231,20221231
1337,00166,00166.HK,턂커 썐이,20221231,20221231
1338,08011,08011.HK,턂커 썐이,20220930,20220930
1339,00268,00268.HK,턂커 썐이,20221231,20221231
1340,01100,01100.HK,턂커 썐이,20221231,20221231
1341,01172,01172.HK,턂커 썐이,20220930,20220930
1342,00157,00157.HK,턂커 썐이,20221231,20221231
1343,01207,01207.HK,턂커 썐이,20220630,20220630
1344,00912,00912.HK,턂커 썐이,20220930,20220930
1345,01094,01094.HK,턂커 썐이,20220930,20220930
1346,02323,02323.HK,턂커 썐이,20221231,20221231
1347,00204,00204.HK,턂커 썐이,20220930,20220930
1348,01001,01001.HK,턂커 썐이,20220930,20220930
1349,01161,01161.HK,턂커 썐이,20230331,20230331
1350,02688,02688.HK,턂커 썐이,20221231,20221231
1351,01198,01198.HK,턂커 썐이,20221231,20221231
1352,06113,06113.HK,턂커 썐이,20221231,20221231
1353,00265,00265.HK,턂커 썐이,20221231,20221231
1354,00697,00697.HK,턂커 썐이,20221231,20221231
1355,00229,00229.HK,턂커 썐이,20221231,20221231
1356,02007,02007.HK,턂커 썐이,20221231,20221231
1357,08081,08081.HK,턂커 썐이,20230331,20230331
1358,00173,00173.HK,턂커 썐이,20221231,20221231
1359,00093,00093.HK,턂커 썐이,20221231,20221231
1360,00723,00723.HK,턂커 썐이,20220930,20220930
1361,01459,01459.HK,턂커 썐이,20221231,20221231
1362,00078,00078.HK,턂커 썐이,20221231,20221231
1363,00943,00943.HK,턂커 썐이,20221231,20221231
1365,00718,00718.HK,턂커 썐이,20221231,20221231
1366,02327,02327.HK,턂커 썐이,20221231,20221231
1367,01385,01385.HK,턂커 썐이,20230331,20230331
1368,00260,00260.HK,턂커 썐이,20220630,20220630
1369,00720,00720.HK,턂커 썐이,20221231,20221231
1370,02330,02330.HK,턂커 썐이,20221231,20221231
1371,08153,08153.HK,턂커 썐이,20221231,20221231
1372,00276,00276.HK,턂커 썐이,20230331,20230331
1373,01079,01079.HK,턂커 썐이,20221231,20221231
1374,00372,00372.HK,턂커 썐이,20220930,20220930
1375,00211,00211.HK,턂커 썐이,20220930,20220930
1377,08001,08001.HK,턂커 썐이,20221231,20221231
1378,00209,00209.HK,턂커 썐이,20221231,20221231
1379,00645,00645.HK,턂커 썐이,20220930,20220930
1380,00361,00361.HK,턂커 썐이,20220630,20220630
1381,00034,00034.HK,턂커 썐이,20221231,20221231
1382,02317,02317.HK,턂커 썐이,20221231,20221231
1383,02310,02310.HK,턂커 썐이,20221231,20221231
1384,02342,02342.HK,턂커 썐이,20221231,20221231
1385,02348,02348.HK,턂커 썐이,20221231,20221231
1386,08246,08246.HK,턂커 썐이,20230331,20230331
1387,00223,00223.HK,턂커 썐이,20220930,20220930
1388,00348,00348.HK,턂커 썐이,20221231,20221231
1389,01223,01223.HK,턂커 썐이,20221231,20221231
1390,02349,02349.HK,턂커 썐이,20221231,20221231
1391,08106,08106.HK,턂커 썐이,20230331,20230331
1392,00737,00737.HK,턂커 썐이,20221231,20221231
1393,00778,00778.HK,턂커 썐이,20221231,20221231
1394,02698,02698.HK,턂커 썐이,20221231,20221231
1395,08156,08156.HK,턂커 썐이,20230331,20230331
1396,02328,02328.HK,턂커 썐이,20221231,20221231
1397,02339,02339.HK,턂커 썐이,20221231,20221231
1398,02320,02320.HK,턂커 썐이,20221231,20221231
1399,02314,02314.HK,턂커 썐이,20221231,20221231
1400,00175,00175.HK,턂커 썐이,20221231,20221231
1401,00836,00836.HK,턂커 썐이,20221231,20221231
1402,00653,00653.HK,턂커 썐이,20221231,20221231
1403,02218,02218.HK,턂커 썐이,20230331,20230331
1404,02357,02357.HK,턂커 썐이,20221231,20221231
1405,08227,08227.HK,턂커 썐이,20230331,20230331
1406,00607,00607.HK,턂커 썐이,20221231,20221231
1407,00565,00565.HK,턂커 썐이,20221231,20221231
1408,02899,02899.HK,턂커 썐이,20230331,20230331
1409,02333,02333.HK,턂커 썐이,20230331,20230331
1411,01029,01029.HK,턂커 썐이,20221231,20221231
1412,00981,00981.HK,턂커 썐이,20230331,20230331
1413,02389,02389.HK,턂커 썐이,20221231,20221231
1414,08045,08045.HK,턂커 썐이,20230331,20230331
1415,00102,00102.HK,턂커 썐이,20221231,20221231
1416,00106,00106.HK,턂커 썐이,20221231,20221231
1417,01049,01049.HK,턂커 썐이,20221231,20221231
1418,01051,01051.HK,턂커 썐이,20221231,20221231
1419,01058,01058.HK,턂커 썐이,20221231,20221231
1420,01060,01060.HK,턂커 썐이,20230331,20230331
1421,01062,01062.HK,턂커 썐이,20221231,20221231
1422,02380,02380.HK,턂커 썐이,20221231,20221231
1423,01064,01064.HK,턂커 썐이,20221231,20221231
1424,01130,01130.HK,턂커 썐이,20221231,20221231
1425,01132,01132.HK,턂커 썐이,20221231,20221231
1426,01185,01185.HK,턂커 썐이,20221231,20221231
1427,02666,02666.HK,턂커 썐이,20221231,20221231
1428,01203,01203.HK,턂커 썐이,20221231,20221231
1429,01208,01208.HK,턂커 썐이,20221231,20221231
1430,01218,01218.HK,턂커 썐이,20220930,20220930
1431,00139,00139.HK,턂커 썐이,20221231,20221231
1432,02362,02362.HK,턂커 썐이,20221231,20221231
1433,00259,00259.HK,턂커 썐이,20230331,20230331
1434,00261,00261.HK,턂커 썐이,20221231,20221231
1435,00326,00326.HK,턂커 썐이,20221231,20221231
1436,00336,00336.HK,턂커 썐이,20221231,20221231
1437,00340,00340.HK,턂커 썐이,20221231,20221231
1438,00370,00370.HK,턂커 썐이,20220930,20220930
1439,00374,00374.HK,턂커 썐이,20220930,20220930
1440,00476,00476.HK,턂커 썐이,20220930,20220930
1441,00512,00512.HK,턂커 썐이,20221231,20221231
1442,00533,00533.HK,턂커 썐이,20221231,20221231
1443,00563,00563.HK,턂커 썐이,20221231,20221231
1444,00575,00575.HK,턂커 썐이,20221231,20221231
1445,00059,00059.HK,턂커 썐이,20221231,20221231
1447,00617,00617.HK,턂커 썐이,20221231,20221231
1448,00630,00630.HK,턂커 썐이,20221231,20221231
1449,00661,00661.HK,턂커 썐이,20221231,20221231
1450,00663,00663.HK,턂커 썐이,20221231,20221231
1451,00665,00665.HK,턂커 썐이,20221231,20221231
1452,00679,00679.HK,턂커 썐이,20221231,20221231
1453,00680,00680.HK,턂커 썐이,20210630,20210630
1454,00689,00689.HK,턂커 썐이,20221231,20221231
1455,00713,00713.HK,턂커 썐이,20221231,20221231
1456,00725,00725.HK,턂커 썐이,20221231,20221231
1457,00730,00730.HK,턂커 썐이,20221231,20221231
1458,00759,00759.HK,턂커 썐이,20221031,20221031
1459,00767,00767.HK,턂커 썐이,20221231,20221231
1460,00079,00079.HK,턂커 썐이,20221231,20221231
1461,08041,08041.HK,턂커 썐이,20230331,20230331
1462,00878,00878.HK,턂커 썐이,20221231,20221231
1463,00918,00918.HK,턂커 썐이,20220930,20220930
1464,00922,00922.HK,턂커 썐이,20220930,20220930
1465,00985,00985.HK,턂커 썐이,20220930,20220930
1466,00986,00986.HK,턂커 썐이,20220930,20220930
1467,00988,00988.HK,턂커 썐이,20221231,20221231
1468,08078,08078.HK,턂커 썐이,20220331,20220331
1469,08048,08048.HK,턂커 썐이,20230331,20230331
1470,08092,08092.HK,턂커 썐이,20230331,20230331
1471,08050,08050.HK,턂커 썐이,20230331,20230331
1472,08128,08128.HK,턂커 썐이,20220930,20220930
1473,01002,01002.HK,턂커 썐이,20230131,20230131
1474,08066,08066.HK,턂커 썐이,20230331,20230331
1475,00022,00022.HK,턂커 썐이,20220930,20220930
1476,00159,00159.HK,턂커 썐이,20221231,20221231
1477,00355,00355.HK,턂커 썐이,20221231,20221231
1478,00026,00026.HK,턂커 썐이,20221231,20221231
1479,00487,00487.HK,턂커 썐이,20221231,20221231
1480,00216,00216.HK,턂커 썐이,20220930,20220930
1481,00037,00037.HK,턂커 썐이,20220930,20220930
1482,00180,00180.HK,턂커 썐이,20221231,20221231
1483,00194,00194.HK,턂커 썐이,20221231,20221231
1484,00571,00571.HK,턂커 썐이,20230131,20230131
1485,00366,00366.HK,턂커 썐이,20221231,20221231
1486,00257,00257.HK,턂커 썐이,20221231,20221231
1487,01627,01627.HK,턂커 썐이,20220930,20220930
1488,00217,00217.HK,턂커 썐이,20221231,20221231
1489,00218,00218.HK,턂커 썐이,20221231,20221231
1490,00235,00235.HK,턂커 썐이,20221231,20221231
1491,00535,00535.HK,턂커 썐이,20221231,20221231
1493,00521,00521.HK,턂커 썐이,20220630,20220630
1494,00289,00289.HK,턂커 썐이,20221231,20221231
1495,00099,00099.HK,턂커 썐이,20221231,20221231
1496,00111,00111.HK,턂커 썐이,20221231,20221231
1497,00413,00413.HK,턂커 썐이,20221231,20221231
1498,00464,00464.HK,턂커 썐이,20220930,20220930
1499,02280,02280.HK,턂커 썐이,20221231,20221231
1500,02338,02338.HK,턂커 썐이,20230331,20230331
1501,02878,02878.HK,턂커 썐이,20221231,20221231
1502,01192,01192.HK,턂커 썐이,20200630,20200630
1503,00581,00581.HK,턂커 썐이,20221231,20221231
1504,00081,00081.HK,턂커 썐이,20221231,20221231
1505,00299,00299.HK,턂커 썐이,20221231,20221231
1506,02866,02866.HK,턂커 썐이,20221231,20221231
1507,00700,00700.HK,턂커 썐이,20230331,20230331
1508,02312,02312.HK,턂커 썐이,20221231,20221231
1509,02318,02318.HK,턂커 썐이,20230331,20230331
1510,00493,00493.HK,턂커 썐이,20220630,20220630
1511,02319,02319.HK,턂커 썐이,20221231,20221231
1512,02343,02343.HK,턂커 썐이,20221231,20221231
1513,08123,08123.HK,턂커 썐이,20230331,20230331
1514,02331,02331.HK,턂커 썐이,20221231,20221231
1515,01298,01298.HK,턂커 썐이,20221231,20221231
1516,00733,00733.HK,턂커 썐이,20221231,20221231
1517,02186,02186.HK,턂커 썐이,20221231,20221231
1518,00568,00568.HK,턂커 썐이,20230331,20230331
1519,00827,00827.HK,턂커 썐이,20221231,20221231
1520,00200,00200.HK,턂커 썐이,20221231,20221231
1521,02368,02368.HK,턂커 썐이,20220930,20220930
1522,01194,01194.HK,턂커 썐이,20210630,20210630
1523,02307,02307.HK,턂커 썐이,20221231,20221231
1524,00753,00753.HK,턂커 썐이,20221231,20221231
1525,00686,00686.HK,턂커 썐이,20221231,20221231
1526,01000,01000.HK,턂커 썐이,20221231,20221231
1527,00929,00929.HK,턂커 썐이,20221231,20221231
1528,02355,02355.HK,턂커 썐이,20221231,20221231
1529,00210,00210.HK,턂커 썐이,20221231,20221231
1530,02038,02038.HK,턂커 썐이,20221231,20221231
1531,00612,00612.HK,턂커 썐이,20221231,20221231
1532,00628,00628.HK,턂커 썐이,20221231,20221231
1533,02877,02877.HK,턂커 썐이,20221231,20221231
1534,00438,00438.HK,턂커 썐이,20221231,20221231
1535,00089,00089.HK,턂커 썐이,20221231,20221231
1536,00116,00116.HK,턂커 썐이,20221231,20221231
1538,01009,01009.HK,턂커 썐이,20221231,20221231
1539,00600,00600.HK,턂커 썐이,20211231,20211231
1540,00675,00675.HK,턂커 썐이,20221231,20221231
1541,00660,00660.HK,턂커 썐이,20221231,20221231
1542,00828,00828.HK,턂커 썐이,20221231,20221231
1543,00755,00755.HK,턂커 썐이,20221231,20221231
1544,01201,01201.HK,턂커 썐이,20221231,20221231
1545,00681,00681.HK,턂커 썐이,20221231,20221231
1546,00632,00632.HK,턂커 썐이,20221231,20221231
1547,00673,00673.HK,턂커 썐이,20220930,20220930
1548,00412,00412.HK,턂커 썐이,20221231,20221231
1550,00763,00763.HK,턂커 썐이,20230331,20230331
1551,00234,00234.HK,턂커 썐이,20220930,20220930
1552,00764,00764.HK,턂커 썐이,20221231,20221231
1553,08173,08173.HK,턂커 썐이,20221231,20221231
1554,03886,03886.HK,턂커 썐이,20221231,20221231
1555,00065,00065.HK,턂커 썐이,20221231,20221231
1556,02326,02326.HK,턂커 썐이,20220930,20220930
1557,01003,01003.HK,턂커 썐이,20221231,20221231
1558,02099,02099.HK,턂커 썐이,20230331,20230331
1559,00318,00318.HK,턂커 썐이,20221031,20221031
1560,00417,00417.HK,턂커 썐이,20230331,20230331
1561,01061,01061.HK,턂커 썐이,20221231,20221231
1562,00371,00371.HK,턂커 썐이,20221231,20221231
1563,00802,00802.HK,턂커 썐이,20221231,20221231
1564,00108,00108.HK,턂커 썐이,20221231,20221231
1565,00901,00901.HK,턂커 썐이,20221231,20221231
1567,08239,08239.HK,턂커 썐이,20230331,20230331
1568,00376,00376.HK,턂커 썐이,20221231,20221231
1569,00639,00639.HK,턂커 썐이,20221231,20221231
1570,00726,00726.HK,턂커 썐이,20221231,20221231
1571,00868,00868.HK,턂커 썐이,20221231,20221231
1572,02882,02882.HK,턂커 썐이,20221231,20221231
1573,00904,00904.HK,턂커 썐이,20211031,20211031
1574,00952,00952.HK,턂커 썐이,20221231,20221231
1575,01088,01088.HK,턂커 썐이,20230331,20230331
1576,08082,08082.HK,턂커 썐이,20230331,20230331
1577,00959,00959.HK,턂커 썐이,20220930,20220930
1578,08211,08211.HK,턂커 썐이,20230331,20230331
1579,02678,02678.HK,턂커 썐이,20221231,20221231
1580,01005,01005.HK,턂커 썐이,20221231,20221231
1581,02341,02341.HK,턂커 썐이,20211231,20211231
1582,00859,00859.HK,턂커 썐이,20221231,20221231
1583,08159,08159.HK,턂커 썐이,20220930,20220930
1584,00212,00212.HK,턂커 썐이,20221231,20221231
1585,00950,00950.HK,턂커 썐이,20221231,20221231
1586,02727,02727.HK,턂커 썐이,20230331,20230331
1587,00277,00277.HK,턂커 썐이,20230331,20230331
1588,08186,08186.HK,턂커 썐이,20230331,20230331
1589,00898,00898.HK,턂커 썐이,20221231,20221231
1590,01099,01099.HK,턂커 썐이,20221231,20221231
1591,08007,08007.HK,턂커 썐이,20230331,20230331
1592,08019,08019.HK,턂커 썐이,20230331,20230331
1593,00201,00201.HK,턂커 썐이,20221231,20221231
1594,00298,00298.HK,턂커 썐이,20220930,20220930
1595,00703,00703.HK,턂커 썐이,20221231,20221231
1596,00219,00219.HK,턂커 썐이,20221231,20221231
1597,08111,08111.HK,턂커 썐이,20221231,20221231
1598,01195,01195.HK,턂커 썐이,20221231,20221231
1599,08220,08220.HK,턂커 썐이,20221231,20221231
1600,01160,01160.HK,턂커 썐이,20220930,20220930
1601,08126,08126.HK,턂커 썐이,20230331,20230331
1602,03328,03328.HK,턂커 썐이,20230331,20230331
1603,01102,01102.HK,턂커 썐이,20221231,20221231
1604,03300,03300.HK,턂커 썐이,20221231,20221231
1605,01124,01124.HK,턂커 썐이,20220930,20220930
1606,00724,00724.HK,턂커 썐이,20221231,20221231
1607,02336,02336.HK,턂커 썐이,20221231,20221231
1608,08198,08198.HK,턂커 썐이,20230331,20230331
1609,02358,02358.HK,턂커 썐이,20221231,20221231
1610,01570,01570.HK,턂커 썐이,20221231,20221231
1611,08228,08228.HK,턂커 썐이,20220331,20220331
1612,03311,03311.HK,턂커 썐이,20221231,20221231
1613,01371,01371.HK,턂커 썐이,20221231,20221231
1614,02322,02322.HK,턂커 썐이,20220930,20220930
1615,08063,08063.HK,턂커 썐이,20230331,20230331
1616,00821,00821.HK,턂커 썐이,20221231,20221231
1617,01059,01059.HK,턂커 썐이,20221231,20221231
1618,00248,00248.HK,턂커 썐이,20220930,20220930
1619,01226,01226.HK,턂커 썐이,20220930,20220930
1620,01265,01265.HK,턂커 썐이,20221231,20221231
1621,01224,01224.HK,턂커 썐이,20221231,20221231
1622,01215,01215.HK,턂커 썐이,20221231,20221231
1623,00244,00244.HK,턂커 썐이,20221231,20221231
1624,00354,00354.HK,턂커 썐이,20221231,20221231
1625,00360,00360.HK,턂커 썐이,20221231,20221231
1626,00346,00346.HK,턂커 썐이,20221231,20221231
1627,01919,01919.HK,턂커 썐이,20221231,20221231
1628,00872,00872.HK,턂커 썐이,20211231,20211231
1629,08169,08169.HK,턂커 썐이,20230430,20230430
1630,00174,00174.HK,턂커 썐이,20221231,20221231
1631,00145,00145.HK,턂커 썐이,20221231,20221231
1632,00658,00658.HK,턂커 썐이,20221231,20221231
1633,08205,08205.HK,턂커 썐이,20230331,20230331
1634,00690,00690.HK,턂커 썐이,20221231,20221231
1635,00039,00039.HK,턂커 썐이,20221231,20221231
1636,00979,00979.HK,턂커 썐이,20221231,20221231
1637,08150,08150.HK,턂커 썐이,20230331,20230331
1638,08131,08131.HK,턂커 썐이,20230228,20230228
1639,06823,06823.HK,턂커 썐이,20221231,20221231
1640,00228,00228.HK,턂커 썐이,20221231,20221231
1641,00329,00329.HK,턂커 썐이,20221231,20221231
1642,08071,08071.HK,턂커 썐이,20230331,20230331
1643,00430,00430.HK,턂커 썐이,20221231,20221231
1644,01240,01240.HK,턂커 썐이,20221231,20221231
1645,08279,08279.HK,턂커 썐이,20230331,20230331
1646,00193,00193.HK,턂커 썐이,20230131,20230131
1647,08189,08189.HK,턂커 썐이,20230331,20230331
1648,08166,08166.HK,턂커 썐이,20220930,20220930
1649,08203,08203.HK,턂커 썐이,20230331,20230331
1650,00183,00183.HK,턂커 썐이,20221231,20221231
1651,00913,00913.HK,턂커 썐이,20221231,20221231
1652,02302,02302.HK,턂커 썐이,20221231,20221231
1653,02309,02309.HK,턂커 썐이,20221231,20221231
1654,00736,00736.HK,턂커 썐이,20220930,20220930
1655,00969,00969.HK,턂커 썐이,20221231,20221231
1656,01026,01026.HK,턂커 썐이,20221231,20221231
1657,01188,01188.HK,턂커 썐이,20221231,20221231
1658,01898,01898.HK,턂커 썐이,20221231,20221231
1659,08137,08137.HK,턂커 썐이,20230331,20230331
1660,08167,08167.HK,턂커 썐이,20230331,20230331
1661,01349,01349.HK,턂커 썐이,20230331,20230331
1662,00381,00381.HK,턂커 썐이,20221231,20221231
1663,08250,08250.HK,턂커 썐이,20230331,20230331
1664,08037,08037.HK,턂커 썐이,20230331,20230331
1665,00889,00889.HK,턂커 썐이,20221231,20221231
1666,01013,01013.HK,턂커 썐이,20220930,20220930
1667,01679,01679.HK,턂커 썐이,20221231,20221231
1668,00459,00459.HK,턂커 썐이,20221231,20221231
1669,00860,00860.HK,턂커 썐이,20221231,20221231
1670,02607,02607.HK,턂커 썐이,20230331,20230331
1671,00812,00812.HK,턂커 썐이,20221231,20221231
1672,00380,00380.HK,턂커 썐이,20221231,20221231
1673,00646,00646.HK,턂커 썐이,20221231,20221231
1674,00499,00499.HK,턂커 썐이,20221231,20221231
1675,00651,00651.HK,턂커 썐이,20220630,20220630
1676,00567,00567.HK,턂커 썐이,20220930,20220930
1677,00391,00391.HK,턂커 썐이,20220930,20220930
1678,00925,00925.HK,턂커 썐이,20221231,20221231
1679,01222,01222.HK,턂커 썐이,20220930,20220930
1680,01213,01213.HK,턂커 썐이,20220930,20220930
1681,00599,00599.HK,턂커 썐이,20220930,20220930
1682,01239,01239.HK,턂커 썐이,20221231,20221231
1683,00456,00456.HK,턂커 썐이,20221231,20221231
1684,00905,00905.HK,턂커 썐이,20221231,20221231
1686,00136,00136.HK,턂커 썐이,20221231,20221231
1687,00213,00213.HK,턂커 썐이,20220930,20220930
1688,01103,01103.HK,턂커 썐이,20220630,20220630
1689,09677,09677.HK,턂커 썐이,20221231,20221231
1690,02777,02777.HK,턂커 썐이,20221231,20221231
1691,08148,08148.HK,턂커 썐이,20230331,20230331
1692,08286,08286.HK,턂커 썐이,20230331,20230331
1693,08249,08249.HK,턂커 썐이,20230331,20230331
1694,00629,00629.HK,턂커 썐이,20221231,20221231
1695,02728,02728.HK,턂커 썐이,20221231,20221231
1696,01141,01141.HK,턂커 썐이,20221231,20221231
1697,00479,00479.HK,턂커 썐이,20201231,20201231
1699,00618,00618.HK,턂커 썐이,20220930,20220930
1700,00379,00379.HK,턂커 썐이,20221231,20221231
1701,00339,00339.HK,턂커 썐이,20221231,20221231
1702,01708,01708.HK,턂커 썐이,20221231,20221231
1703,00181,00181.HK,턂커 썐이,20221231,20221231
1704,00029,00029.HK,턂커 썐이,20221231,20221231
1705,00419,00419.HK,턂커 썐이,20221231,20221231
1706,00007,00007.HK,턂커 썐이,20221231,20221231
1707,00356,00356.HK,턂커 썐이,20221231,20221231
1708,00572,00572.HK,턂커 썐이,20221231,20221231
1709,08143,08143.HK,턂커 썐이,20230331,20230331
1710,00309,00309.HK,턂커 썐이,20220930,20220930
1711,08317,08317.HK,턂커 썐이,20221231,20221231
1712,01669,01669.HK,턂커 썐이,20221231,20221231
1713,08365,08365.HK,턂커 썐이,20230331,20230331
1714,00674,00674.HK,턂커 썐이,20220930,20220930
1715,00162,00162.HK,턂커 썐이,20221231,20221231
1716,00387,00387.HK,턂커 썐이,20221231,20221231
1717,00365,00365.HK,턂커 썐이,20221231,20221231
1718,08113,08113.HK,턂커 썐이,20230331,20230331
1719,08172,08172.HK,턂커 썐이,20230331,20230331
1720,08158,08158.HK,턂커 썐이,20230331,20230331
1721,00115,00115.HK,턂커 썐이,20221231,20221231
1722,00978,00978.HK,턂커 썐이,20221231,20221231
1723,00619,00619.HK,턂커 썐이,20221231,20221231
1724,00745,00745.HK,턂커 썐이,20220930,20220930
1725,00856,00856.HK,턂커 썐이,20221231,20221231
1726,01116,01116.HK,턂커 썐이,20221231,20221231
1727,00076,00076.HK,턂커 썐이,20221231,20221231
1728,08115,08115.HK,턂커 썐이,20230331,20230331
1729,02340,02340.HK,턂커 썐이,20221231,20221231
1730,01129,01129.HK,턂커 썐이,20221231,20221231
1732,08076,08076.HK,턂커 썐이,20230331,20230331
1733,02086,02086.HK,턂커 썐이,20221231,20221231
1735,00001,00001.HK,턂커 썐이,20221231,20221231
1736,00818,00818.HK,턂커 썐이,20221231,20221231
1737,00310,00310.HK,턂커 썐이,20221231,20221231
1738,03860,03860.HK,턂커 썐이,20220930,20220930
1740,08299,08299.HK,턂커 썐이,20221231,20221231
1741,00997,00997.HK,턂커 썐이,20220930,20220930
1742,00605,00605.HK,턂커 썐이,20221231,20221231
1743,00810,00810.HK,턂커 썐이,20221231,20221231
1744,00290,00290.HK,턂커 썐이,20220930,20220930
1745,08083,08083.HK,턂커 썐이,20230331,20230331
1746,00239,00239.HK,턂커 썐이,20221231,20221231
1747,00596,00596.HK,턂커 썐이,20221231,20221231
1748,00428,00428.HK,턂커 썐이,20221231,20221231
1749,08163,08163.HK,턂커 썐이,20230331,20230331
1750,00262,00262.HK,턂커 썐이,20220930,20220930
1751,00875,00875.HK,턂커 썐이,20221231,20221231
1752,00104,00104.HK,턂커 썐이,20220930,20220930
1753,08225,08225.HK,턂커 썐이,20230331,20230331
1754,00091,00091.HK,턂커 썐이,20221231,20221231
1755,00436,00436.HK,턂커 썐이,20221231,20221231
1756,00313,00313.HK,턂커 썐이,20220930,20220930
1757,01090,01090.HK,턂커 썐이,20221231,20221231
1758,00077,00077.HK,턂커 썐이,20220930,20220930
1759,00758,00758.HK,턂커 썐이,20221231,20221231
1760,02000,02000.HK,턂커 썐이,20221231,20221231
1761,02379,02379.HK,턂커 썐이,20210630,20210630
1762,00701,00701.HK,턂커 썐이,20221231,20221231
1763,02668,02668.HK,턂커 썐이,20221231,20221231
1765,00862,00862.HK,턂커 썐이,20221231,20221231
1766,00149,00149.HK,턂커 썐이,20220930,20220930
1767,00036,00036.HK,턂커 썐이,20221231,20221231
1768,00855,00855.HK,턂커 썐이,20220930,20220930
1769,08029,08029.HK,턂커 썐이,20221231,20221231
1770,01010,01010.HK,턂커 썐이,20221231,20221231
1771,00550,00550.HK,턂커 썐이,20221231,20221231
1772,08100,08100.HK,턂커 썐이,20230331,20230331
1773,00509,00509.HK,턂커 썐이,20221231,20221231
1774,00098,00098.HK,턂커 썐이,20221231,20221231
1775,00483,00483.HK,턂커 썐이,20220930,20220930
1776,00530,00530.HK,턂커 썐이,20210630,20210630
1777,01004,01004.HK,턂커 썐이,20221231,20221231
1778,08130,08130.HK,턂커 썐이,20221231,20221231
1779,08079,08079.HK,턂커 썐이,20221231,20221231
1780,00240,00240.HK,턂커 썐이,20221231,20221231
1781,08086,08086.HK,턂커 썐이,20220930,20220930
1782,00185,00185.HK,턂커 썐이,20221231,20221231
1783,00131,00131.HK,턂커 썐이,20221231,20221231
1784,08271,08271.HK,턂커 썐이,20230331,20230331
1785,00846,00846.HK,턂커 썐이,20221231,20221231
1786,00286,00286.HK,턂커 썐이,20221231,20221231
1787,08213,08213.HK,턂커 썐이,20221231,20221231
1788,00954,00954.HK,턂커 썐이,20221231,20221231
1789,03633,03633.HK,턂커 썐이,20221231,20221231
1790,08027,08027.HK,턂커 썐이,20230331,20230331
1791,00009,00009.HK,턂커 썐이,20221231,20221231
1792,00164,00164.HK,턂커 썐이,20220930,20220930
1793,00896,00896.HK,턂커 썐이,20230331,20230331
1794,00120,00120.HK,턂커 썐이,20221231,20221231
1795,00727,00727.HK,턂커 썐이,20220930,20220930
1796,00482,00482.HK,턂커 썐이,20221231,20221231
1797,02028,02028.HK,턂커 썐이,20221231,20221231
1798,00423,00423.HK,턂커 썐이,20220930,20220930
1799,02018,02018.HK,턂커 썐이,20221231,20221231
1800,03623,03623.HK,턂커 썐이,20221231,20221231
1801,00833,00833.HK,턂커 썐이,20221231,20221231
1802,03991,03991.HK,턂커 썐이,20221231,20221231
1803,00433,00433.HK,턂커 썐이,20221231,20221231
1804,00254,00254.HK,턂커 썐이,20221231,20221231
1805,00396,00396.HK,턂커 썐이,20221231,20221231
1806,08025,08025.HK,턂커 썐이,20220930,20220930
1807,08030,08030.HK,턂커 썐이,20230331,20230331
1808,00497,00497.HK,턂커 썐이,20220930,20220930
1809,08176,08176.HK,턂커 썐이,20230331,20230331
1810,00278,00278.HK,턂커 썐이,20220930,20220930
1811,00063,00063.HK,턂커 썐이,20221231,20221231
1812,00554,00554.HK,턂커 썐이,20221231,20221231
1813,00721,00721.HK,턂커 썐이,20221231,20221231
1814,08120,08120.HK,턂커 썐이,20230331,20230331
1815,00431,00431.HK,턂커 썐이,20221231,20221231
1816,00513,00513.HK,턂커 썐이,20221231,20221231
1817,03344,03344.HK,턂커 썐이,20220630,20220630
1818,01145,01145.HK,턂커 썐이,20221231,20221231
1819,00444,00444.HK,턂커 썐이,20220930,20220930
1820,00426,00426.HK,턂커 썐이,20230331,20230331
1821,00776,00776.HK,턂커 썐이,20221231,20221231
1822,00471,00471.HK,턂커 썐이,20221231,20221231
1823,00096,00096.HK,턂커 썐이,20221231,20221231
1824,03899,03899.HK,턂커 썐이,20221231,20221231
1825,00496,00496.HK,턂커 썐이,20221231,20221231
1826,00939,00939.HK,턂커 썐이,20230331,20230331
1827,03399,03399.HK,턂커 썐이,20221231,20221231
1828,00536,00536.HK,턂커 썐이,20221231,20221231
1829,02098,02098.HK,턂커 썐이,20221231,20221231
1830,03389,03389.HK,턂커 썐이,20221231,20221231
1831,00253,00253.HK,턂커 썐이,20221231,20221231
1832,02371,02371.HK,턂커 썐이,20221231,20221231
1833,01142,01142.HK,턂커 썐이,20220930,20220930
1834,03366,03366.HK,턂커 썐이,20221231,20221231
1835,00559,00559.HK,턂커 썐이,20221231,20221231
1836,01612,01612.HK,턂커 썐이,20221231,20221231
1837,00359,00359.HK,턂커 썐이,20210630,20210630
1838,03336,03336.HK,턂커 썐이,20221231,20221231
1839,00897,00897.HK,턂커 썐이,20220930,20220930
1840,00110,00110.HK,턂커 썐이,20221231,20221231
1841,00765,00765.HK,턂커 썐이,20221231,20221231
1842,01068,01068.HK,턂커 썐이,20221231,20221231
1843,00531,00531.HK,턂커 썐이,20221231,20221231
1844,00823,00823.HK,턂커 썐이,20230331,20230331
1845,01257,01257.HK,턂커 썐이,20221231,20221231
1846,02313,02313.HK,턂커 썐이,20221231,20221231
1847,03368,03368.HK,턂커 썐이,20230331,20230331
1848,00095,00095.HK,턂커 썐이,20221231,20221231
1849,00206,00206.HK,턂커 썐이,20221231,20221231
1850,03318,03318.HK,턂커 썐이,20221231,20221231
1851,03398,03398.HK,턂커 썐이,20221231,20221231
1852,03383,03383.HK,턂커 썐이,20221231,20221231
1853,00808,00808.HK,턂커 썐이,20221231,20221231
1854,02005,02005.HK,턂커 썐이,20221231,20221231
1855,00489,00489.HK,턂커 썐이,20221231,20221231
1856,00405,00405.HK,턂커 썐이,20221231,20221231
1857,03330,03330.HK,턂커 썐이,20221231,20221231
1858,00919,00919.HK,턂커 썐이,20220930,20220930
1859,08247,08247.HK,턂커 썐이,20230331,20230331
1860,01292,01292.HK,턂커 썐이,20221231,20221231
1861,00840,00840.HK,턂커 썐이,20230331,20230331
1862,02689,02689.HK,턂커 썐이,20221231,20221231
1863,03308,03308.HK,턂커 썐이,20221231,20221231
1864,00005,00005.HK,턂커 썐이,20230331,20230331
1865,03323,03323.HK,턂커 썐이,20221231,20221231
1866,01085,01085.HK,턂커 썐이,20221231,20221231
1867,00707,00707.HK,턂커 썐이,20221231,20221231
1869,02880,02880.HK,턂커 썐이,20230331,20230331
1870,01057,01057.HK,턂커 썐이,20230331,20230331
1871,03988,03988.HK,턂커 썐이,20230331,20230331
1872,03382,03382.HK,턂커 썐이,20221231,20221231
1873,00527,00527.HK,턂커 썐이,20221231,20221231
1874,00272,00272.HK,턂커 썐이,20221231,20221231
1875,00515,00515.HK,턂커 썐이,20221231,20221231
1876,00813,00813.HK,턂커 썐이,20210630,20210630
1877,03377,03377.HK,턂커 썐이,20221231,20221231
1878,00352,00352.HK,턂커 썐이,20221231,20221231
1879,03900,03900.HK,턂커 썐이,20221231,20221231
1880,03989,03989.HK,턂커 썐이,20221231,20221231
1881,03303,03303.HK,턂커 썐이,20221231,20221231
1882,00814,00814.HK,턂커 썐이,20230331,20230331
1883,02700,02700.HK,턂커 썐이,20221231,20221231
1884,00834,00834.HK,턂커 썐이,20221231,20221231
1885,00320,00320.HK,턂커 썐이,20220930,20220930
1886,00637,00637.HK,턂커 썐이,20230331,20230331
1887,01398,01398.HK,턂커 썐이,20230331,20230331
1888,00337,00337.HK,턂커 썐이,20221231,20221231
1889,00558,00558.HK,턂커 썐이,20220930,20220930
1890,03918,03918.HK,턂커 썐이,20221231,20221231
1891,00609,00609.HK,턂커 썐이,20221231,20221231
1892,01818,01818.HK,턂커 썐이,20221231,20221231
1893,01888,01888.HK,턂커 썐이,20221231,20221231
1894,01388,01388.HK,턂커 썐이,20221231,20221231
1895,00528,00528.HK,턂커 썐이,20221231,20221231
1896,02233,02233.HK,턂커 썐이,20221231,20221231
1897,00552,00552.HK,턂커 썐이,20221231,20221231
1898,01899,01899.HK,턂커 썐이,20221231,20221231
1900,01399,01399.HK,턂커 썐이,20221231,20221231
1901,01800,01800.HK,턂커 썐이,20221231,20221231
1902,01868,01868.HK,턂커 썐이,20221231,20221231
1903,01882,01882.HK,턂커 썐이,20221231,20221231
1904,00435,00435.HK,턂커 썐이,20221231,20221231
1905,01808,01808.HK,턂커 썐이,20221231,20221231
1906,03302,03302.HK,턂커 썐이,20221231,20221231
1908,01530,01530.HK,턂커 썐이,20221231,20221231
1909,01889,01889.HK,턂커 썐이,20221231,20221231
1910,00546,00546.HK,턂커 썐이,20221231,20221231
1912,01838,01838.HK,턂커 썐이,20220630,20220630
1913,01383,01383.HK,턂커 썐이,20221231,20221231
1914,00460,00460.HK,턂커 썐이,20221231,20221231
1915,00538,00538.HK,턂커 썐이,20221231,20221231
1916,01883,01883.HK,턂커 썐이,20221231,20221231
1917,06828,06828.HK,턂커 썐이,20221231,20221231
1918,00475,00475.HK,턂커 썐이,20230331,20230331
1919,08329,08329.HK,턂커 썐이,20230331,20230331
1920,01813,01813.HK,턂커 썐이,20221231,20221231
1921,01881,01881.HK,턂커 썐이,20221231,20221231
1922,00811,00811.HK,턂커 썐이,20230331,20230331
1924,00602,00602.HK,턂커 썐이,20221231,20221231
1925,01991,01991.HK,턂커 썐이,20221231,20221231
1926,00819,00819.HK,턂커 썐이,20221231,20221231
1927,02382,02382.HK,턂커 썐이,20221231,20221231
1928,03933,03933.HK,턂커 썐이,20221231,20221231
1929,00573,00573.HK,턂커 썐이,20221231,20221231
1930,01360,01360.HK,턂커 썐이,20221231,20221231
1931,01836,01836.HK,턂커 썐이,20221231,20221231
1932,00822,00822.HK,턂커 썐이,20221231,20221231
1933,02020,02020.HK,턂커 썐이,20221231,20221231
1934,00867,00867.HK,턂커 썐이,20221231,20221231
1935,00656,00656.HK,턂커 썐이,20221231,20221231
1937,00825,00825.HK,턂커 썐이,20221231,20221231
1938,00826,00826.HK,턂커 썐이,20221231,20221231
1939,00817,00817.HK,턂커 썐이,20221231,20221231
1940,03889,03889.HK,턂커 썐이,20221231,20221231
1941,01393,01393.HK,턂커 썐이,20221231,20221231
1942,03838,03838.HK,턂커 썐이,20221231,20221231
1943,00410,00410.HK,턂커 썐이,20221231,20221231
1944,03999,03999.HK,턂커 썐이,20230331,20230331
1945,03883,03883.HK,턂커 썐이,20210630,20210630
1946,03888,03888.HK,턂커 썐이,20230331,20230331
1947,03818,03818.HK,턂커 썐이,20230331,20230331
1948,00948,00948.HK,턂커 썐이,20220930,20220930
1949,03998,03998.HK,턂커 썐이,20220930,20220930
1950,01278,01278.HK,턂커 썐이,20221231,20221231
1951,01328,01328.HK,턂커 썐이,20221231,20221231
1952,00777,00777.HK,턂커 썐이,20221231,20221231
1953,00672,00672.HK,턂커 썐이,20221231,20221231
1954,03800,03800.HK,턂커 썐이,20221231,20221231
1955,00033,00033.HK,턂커 썐이,20221231,20221231
1956,00806,00806.HK,턂커 썐이,20221231,20221231
1957,03808,03808.HK,턂커 썐이,20221231,20221231
1958,00390,00390.HK,턂커 썐이,20221231,20221231
1959,00189,00189.HK,턂커 썐이,20221231,20221231
1960,02002,02002.HK,턂커 썐이,20221231,20221231
1961,03337,03337.HK,턂커 썐이,20221231,20221231
1962,00220,00220.HK,턂커 썐이,20221231,20221231
1963,00543,00543.HK,턂커 썐이,20221231,20221231
1964,00422,00422.HK,턂커 썐이,20230331,20230331
1966,00556,00556.HK,턂커 썐이,20221231,20221231
1967,00117,00117.HK,턂커 썐이,20221231,20221231
1968,00505,00505.HK,턂커 썐이,20221231,20221231
1969,00869,00869.HK,턂커 썐이,20221231,20221231
1970,01447,01447.HK,턂커 썐이,20221231,20221231
1971,01415,01415.HK,턂커 썐이,20221231,20221231
1972,00757,00757.HK,턂커 썐이,20221231,20221231
1973,00848,00848.HK,턂커 썐이,20221231,20221231
1974,00708,00708.HK,턂커 썐이,20210630,20210630
1975,00196,00196.HK,턂커 썐이,20221231,20221231
1976,01186,01186.HK,턂커 썐이,20230331,20230331
1977,03333,03333.HK,턂커 썐이,20210630,20210630
1978,01661,01661.HK,턂커 썐이,20221231,20221231
1979,02012,02012.HK,턂커 썐이,20230331,20230331
1980,08348,08348.HK,턂커 썐이,20230331,20230331
1981,00789,00789.HK,턂커 썐이,20220930,20220930
1982,00743,00743.HK,턂커 썐이,20230331,20230331
1983,08340,08340.HK,턂커 썐이,20230331,20230331
1984,01368,01368.HK,턂커 썐이,20221231,20221231
1985,00832,00832.HK,턂커 썐이,20221231,20221231
1986,03813,03813.HK,턂커 썐이,20230331,20230331
1987,00800,00800.HK,턂커 썐이,20221231,20221231
1988,02722,02722.HK,턂커 썐이,20221231,20221231
1989,01812,01812.HK,턂커 썐이,20230331,20230331
1991,00691,00691.HK,턂커 썐이,20221231,20221231
1992,00623,00623.HK,턂커 썐이,20221231,20221231
1993,00880,00880.HK,턂커 썐이,20221231,20221231
1994,00982,00982.HK,턂커 썐이,20221231,20221231
1995,00887,00887.HK,턂커 썐이,20221231,20221231
1996,01766,01766.HK,턂커 썐이,20230331,20230331
1997,01091,01091.HK,턂커 썐이,20220630,20220630
1998,00871,00871.HK,턂커 썐이,20221231,20221231
1999,01387,01387.HK,턂커 썐이,20220630,20220630
