i,이름, 코드, 거래소, koscom_day, naver_day
0,688733,688733.SS,상해(후강퉁) 증권거래소,20230331,20230331
1,300726,300726.SZ,심천(선강퉁) 증권거래소,20230331,20230331
2,300705,300705.SZ,심천(선강퉁) 증권거래소,20230331,20230331
3,603012,603012.SS,상해(후강퉁) 증권거래소,20230331,20230331
4,002958,002958.SZ,심천(선강퉁) 증권거래소,20230331,20230331
5,000036,000036.SZ,심천(선강퉁) 증권거래소,20230331,20230331
6,300827,300827.SZ,심천(선강퉁) 증권거래소,20230331,20230331
9,300777,300777.SZ,심천(선강퉁) 증권거래소,20230331,20230331
10,301215,301215.SZ,심천(선강퉁) 증권거래소,20230331,20230331
11,301206,301206.SZ,심천(선강퉁) 증권거래소,20230331,20230331
12,002929,002929.SZ,심천(선강퉁) 증권거래소,20230331,20230331
13,688357,688357.SS,상해(후강퉁) 증권거래소,20230331,20230331
14,688122,688122.SS,상해(후강퉁) 증권거래소,20230331,20230331
15,603105,603105.SS,상해(후강퉁) 증권거래소,20230331,20230331
16,301168,301168.SZ,심천(선강퉁) 증권거래소,20230331,20230331
17,300776,300776.SZ,심천(선강퉁) 증권거래소,20230331,20230331
18,688076,688076.SS,상해(후강퉁) 증권거래소,20230331,20230331
19,688390,688390.SS,상해(후강퉁) 증권거래소,20230331,20230331
20,688676,688676.SS,상해(후강퉁) 증권거래소,20230331,20230331
21,300763,300763.SZ,심천(선강퉁) 증권거래소,20230331,20230331
22,688026,688026.SS,상해(후강퉁) 증권거래소,20230331,20230331
23,601528,601528.SS,상해(후강퉁) 증권거래소,20230331,20230331
24,688518,688518.SS,상해(후강퉁) 증권거래소,20230331,20230331
25,301152,301152.SZ,심천(선강퉁) 증권거래소,20230331,20230331
26,688276,688276.SS,상해(후강퉁) 증권거래소,20230331,20230331
27,002966,002966.SZ,심천(선강퉁) 증권거래소,20230331,20230331
28,600135,600135.SS,상해(후강퉁) 증권거래소,20230331,20230331
29,603676,603676.SS,상해(후강퉁) 증권거래소,20230331,20230331
30,300674,300674.SZ,심천(선강퉁) 증권거래소,20230331,20230331
31,600510,600510.SS,상해(후강퉁) 증권거래소,20230331,20230331
32,300737,300737.SZ,심천(선강퉁) 증권거래소,20230331,20230331
33,603429,603429.SS,상해(후강퉁) 증권거래소,20230331,20230331
34,601860,601860.SS,상해(후강퉁) 증권거래소,20230331,20230331
35,688269,688269.SS,상해(후강퉁) 증권거래소,20230331,20230331
36,688550,688550.SS,상해(후강퉁) 증권거래소,20230331,20230331
38,601939,601939.SS,상해(후강퉁) 증권거래소,20230331,20230331
39,601880,601880.SS,상해(후강퉁) 증권거래소,20230331,20230331
40,688556,688556.SS,상해(후강퉁) 증권거래소,20230331,20230331
41,300604,300604.SZ,심천(선강퉁) 증권거래소,20230331,20230331
42,300809,300809.SZ,심천(선강퉁) 증권거래소,20230331,20230331
43,300799,300799.SZ,심천(선강퉁) 증권거래소,20230331,20230331
44,301017,301017.SZ,심천(선강퉁) 증권거래소,20230331,20230331
45,600903,600903.SS,상해(후강퉁) 증권거래소,20230331,20230331
46,002943,002943.SZ,심천(선강퉁) 증권거래소,20230331,20230331
47,003035,003035.SZ,심천(선강퉁) 증권거래소,20230331,20230331
49,603871,603871.SS,상해(후강퉁) 증권거래소,20230331,20230331
50,603712,603712.SS,상해(후강퉁) 증권거래소,20230331,20230331
51,300718,300718.SZ,심천(선강퉁) 증권거래소,20230331,20230331
52,601375,601375.SS,상해(후강퉁) 증권거래소,20230331,20230331
53,000825,000825.SZ,심천(선강퉁) 증권거래소,20230331,20230331
54,601609,601609.SS,상해(후강퉁) 증권거래소,20230331,20230331
55,300829,300829.SZ,심천(선강퉁) 증권거래소,20230331,20230331
56,600928,600928.SS,상해(후강퉁) 증권거래소,20230331,20230331
57,603565,603565.SS,상해(후강퉁) 증권거래소,20230331,20230331
58,300603,300603.SZ,심천(선강퉁) 증권거래소,20230331,20230331
59,002916,002916.SZ,심천(선강퉁) 증권거래소,20230331,20230331
60,603956,603956.SS,상해(후강퉁) 증권거래소,20230331,20230331
61,601881,601881.SS,상해(후강퉁) 증권거래소,20230331,20230331
62,300634,300634.SZ,심천(선강퉁) 증권거래소,20230331,20230331
63,603379,603379.SS,상해(후강퉁) 증권거래소,20230331,20230331
64,300722,300722.SZ,심천(선강퉁) 증권거래소,20230331,20230331
65,002928,002928.SZ,심천(선강퉁) 증권거래소,20230331,20230331
66,300735,300735.SZ,심천(선강퉁) 증권거래소,20230331,20230331
67,603486,603486.SS,상해(후강퉁) 증권거래소,20230331,20230331
68,300620,300620.SZ,심천(선강퉁) 증권거래소,20230331,20230331
69,688131,688131.SS,상해(후강퉁) 증권거래소,20230331,20230331
70,000792,000792.SZ,심천(선강퉁) 증권거래소,20230331,20230331
71,603236,603236.SS,상해(후강퉁) 증권거래소,20230331,20230331
72,603297,603297.SS,상해(후강퉁) 증권거래소,20230331,20230331
73,300773,300773.SZ,심천(선강퉁) 증권거래소,20230331,20230331
74,688267,688267.SS,상해(후강퉁) 증권거래소,20230331,20230331
75,688033,688033.SS,상해(후강퉁) 증권거래소,20230331,20230331
76,301302,301302.SZ,심천(선강퉁) 증권거래소,20230331,20230331
77,601990,601990.SS,상해(후강퉁) 증권거래소,20230331,20230331
78,603897,603897.SS,상해(후강퉁) 증권거래소,20230331,20230331
79,000671,000671.SZ,심천(선강퉁) 증권거래소,20230331,20230331
80,603733,603733.SS,상해(후강퉁) 증권거래소,20230331,20230331
81,300725,300725.SZ,심천(선강퉁) 증권거래소,20230331,20230331
82,601200,601200.SS,상해(후강퉁) 증권거래소,20230331,20230331
83,002978,002978.SZ,심천(선강퉁) 증권거래소,20230331,20230331
84,603596,603596.SS,상해(후강퉁) 증권거래소,20230331,20230331
85,603666,603666.SS,상해(후강퉁) 증권거래소,20230331,20230331
86,300774,300774.SZ,심천(선강퉁) 증권거래소,20230331,20230331
87,600158,600158.SS,상해(후강퉁) 증권거래소,20230331,20230331
88,001269,001269.SZ,심천(선강퉁) 증권거래소,20230331,20230331
89,301316,301316.SZ,심천(선강퉁) 증권거래소,20230331,20230331
90,300765,300765.SZ,심천(선강퉁) 증권거래소,20230331,20230331
91,603477,603477.SS,상해(후강퉁) 증권거래소,20230331,20230331
92,301219,301219.SZ,심천(선강퉁) 증권거래소,20230331,20230331
93,300785,300785.SZ,심천(선강퉁) 증권거래소,20230331,20230331
94,300745,300745.SZ,심천(선강퉁) 증권거래소,20230331,20230331
95,300724,300724.SZ,심천(선강퉁) 증권거래소,20230331,20230331
96,300740,300740.SZ,심천(선강퉁) 증권거래소,20230331,20230331
97,300856,300856.SZ,심천(선강퉁) 증권거래소,20230331,20230331
98,002681,002681.SZ,심천(선강퉁) 증권거래소,20230331,20230331
99,300783,300783.SZ,심천(선강퉁) 증권거래소,20230331,20230331
100,603357,603357.SS,상해(후강퉁) 증권거래소,20230331,20230331
101,603773,603773.SS,상해(후강퉁) 증권거래소,20230331,20230331
102,605266,605266.SS,상해(후강퉁) 증권거래소,20230331,20230331
103,603301,603301.SS,상해(후강퉁) 증권거래소,20230331,20230331
104,300788,300788.SZ,심천(선강퉁) 증권거래소,20230331,20230331
105,688111,688111.SS,상해(후강퉁) 증권거래소,20230331,20230331
106,300771,300771.SZ,심천(선강퉁) 증권거래소,20230331,20230331
107,300739,300739.SZ,심천(선강퉁) 증권거래소,20230331,20230331
108,600097,600097.SS,상해(후강퉁) 증권거래소,20230331,20230331
109,002906,002906.SZ,심천(선강퉁) 증권거래소,20230331,20230331
110,603267,603267.SS,상해(후강퉁) 증권거래소,20230331,20230331
111,603887,603887.SS,상해(후강퉁) 증권거래소,20230331,20230331
112,688029,688029.SS,상해(후강퉁) 증권거래소,20230331,20230331
113,300741,300741.SZ,심천(선강퉁) 증권거래소,20230331,20230331
114,300747,300747.SZ,심천(선강퉁) 증권거래소,20230331,20230331
115,301117,301117.SZ,심천(선강퉁) 증권거래소,20230331,20230331
117,002059,002059.SZ,심천(선강퉁) 증권거래소,20230331,20230331
118,688699,688699.SS,상해(후강퉁) 증권거래소,20230331,20230331
119,300699,300699.SZ,심천(선강퉁) 증권거래소,20230331,20230331
120,688202,688202.SS,상해(후강퉁) 증권거래소,20230331,20230331
121,301018,301018.SZ,심천(선강퉁) 증권거래소,20230331,20230331
122,688103,688103.SS,상해(후강퉁) 증권거래소,20230331,20230331
123,603693,603693.SS,상해(후강퉁) 증권거래소,20230331,20230331
125,600895,600895.SS,상해(후강퉁) 증권거래소,20230331,20230331
126,300758,300758.SZ,심천(선강퉁) 증권거래소,20230331,20230331
127,301296,301296.SZ,심천(선강퉁) 증권거래소,20230331,20230331
128,603220,603220.SS,상해(후강퉁) 증권거래소,20230331,20230331
129,301035,301035.SZ,심천(선강퉁) 증권거래소,20230331,20230331
130,300896,300896.SZ,심천(선강퉁) 증권거래소,20230331,20230331
131,603876,603876.SS,상해(후강퉁) 증권거래소,20230331,20230331
133,603713,603713.SS,상해(후강퉁) 증권거래소,20230331,20230331
135,300768,300768.SZ,심천(선강퉁) 증권거래소,20230331,20230331
136,300757,300757.SZ,심천(선강퉁) 증권거래소,20230331,20230331
137,002938,002938.SZ,심천(선강퉁) 증권거래소,20230331,20230331
138,300894,300894.SZ,심천(선강퉁) 증권거래소,20230331,20230331
140,300759,300759.SZ,심천(선강퉁) 증권거래소,20230331,20230331
141,300751,300751.SZ,심천(선강퉁) 증권거래소,20230331,20230331
142,300775,300775.SZ,심천(선강퉁) 증권거래소,20230331,20230331
143,605183,605183.SS,상해(후강퉁) 증권거래소,20230331,20230331
144,603121,603121.SS,상해(후강퉁) 증권거래소,20230331,20230331
145,002941,002941.SZ,심천(선강퉁) 증권거래소,20230331,20230331
147,300748,300748.SZ,심천(선강퉁) 증권거래소,20230331,20230331
148,300811,300811.SZ,심천(선강퉁) 증권거래소,20230331,20230331
149,603259,603259.SS,상해(후강퉁) 증권거래소,20230331,20230331
150,603915,603915.SS,상해(후강퉁) 증권거래소,20230331,20230331
151,601326,601326.SS,상해(후강퉁) 증권거래소,20230331,20230331
152,301149,301149.SZ,심천(선강퉁) 증권거래소,20230331,20230331
153,301078,301078.SZ,심천(선강퉁) 증권거래소,20230331,20230331
154,003012,003012.SZ,심천(선강퉁) 증권거래소,20230331,20230331
156,688299,688299.SS,상해(후강퉁) 증권거래소,20230331,20230331
157,301031,301031.SZ,심천(선강퉁) 증권거래소,20230331,20230331
158,601002,601002.SS,상해(후강퉁) 증권거래소,20230331,20230331
159,300766,300766.SZ,심천(선강퉁) 증권거래소,20230331,20230331
160,300891,300891.SZ,심천(선강퉁) 증권거래소,20230331,20230331
161,603138,603138.SS,상해(후강퉁) 증권거래소,20230331,20230331
163,002756,002756.SZ,심천(선강퉁) 증권거래소,20230331,20230331
164,301069,301069.SZ,심천(선강퉁) 증권거래소,20230331,20230331
165,688595,688595.SS,상해(후강퉁) 증권거래소,20230331,20230331
167,003039,003039.SZ,심천(선강퉁) 증권거래소,20230331,20230331
168,600548,600548.SS,상해(후강퉁) 증권거래소,20230331,20230331
169,002967,002967.SZ,심천(선강퉁) 증권거래소,20230331,20230331
170,300762,300762.SZ,심천(선강퉁) 증권거래소,20230331,20230331
171,002996,002996.SZ,심천(선강퉁) 증권거래소,20230331,20230331
172,300772,300772.SZ,심천(선강퉁) 증권거래소,20230331,20230331
173,688368,688368.SS,상해(후강퉁) 증권거래소,20230331,20230331
174,002910,002910.SZ,심천(선강퉁) 증권거래소,20230331,20230331
175,688359,688359.SS,상해(후강퉁) 증권거래소,20230331,20230331
176,000553,000553.SZ,심천(선강퉁) 증권거래소,20230331,20230331
177,688303,688303.SS,상해(후강퉁) 증권거래소,20230331,20230331
178,688516,688516.SS,상해(후강퉁) 증권거래소,20230331,20230331
179,605111,605111.SS,상해(후강퉁) 증권거래소,20230331,20230331
180,603068,603068.SS,상해(후강퉁) 증권거래소,20230331,20230331
181,688317,688317.SS,상해(후강퉁) 증권거래소,20230331,20230331
182,300750,300750.SZ,심천(선강퉁) 증권거래소,20230331,20230331
183,301096,301096.SZ,심천(선강퉁) 증권거래소,20230331,20230331
184,603332,603332.SS,상해(후강퉁) 증권거래소,20230331,20230331
185,002950,002950.SZ,심천(선강퉁) 증권거래소,20230331,20230331
186,603351,603351.SS,상해(후강퉁) 증권거래소,20230331,20230331
187,300900,300900.SZ,심천(선강퉁) 증권거래소,20230331,20230331
188,688536,688536.SS,상해(후강퉁) 증권거래소,20230331,20230331
189,688283,688283.SS,상해(후강퉁) 증권거래소,20230331,20230331
190,600280,600280.SS,상해(후강퉁) 증권거래소,20230331,20230331
191,601187,601187.SS,상해(후강퉁) 증권거래소,20230331,20230331
192,601138,601138.SS,상해(후강퉁) 증권거래소,20230331,20230331
193,002185,002185.SZ,심천(선강퉁) 증권거래소,20230331,20230331
194,002951,002951.SZ,심천(선강퉁) 증권거래소,20230331,20230331
195,300770,300770.SZ,심천(선강퉁) 증권거래소,20230331,20230331
197,001965,001965.SZ,심천(선강퉁) 증권거래소,20230331,20230331
199,603786,603786.SS,상해(후강퉁) 증권거래소,20230331,20230331
200,603530,603530.SS,상해(후강퉁) 증권거래소,20230331,20230331
201,603327,603327.SS,상해(후강퉁) 증권거래소,20230331,20230331
202,301046,301046.SZ,심천(선강퉁) 증권거래소,20230331,20230331
203,601698,601698.SS,상해(후강퉁) 증권거래소,20230331,20230331
204,601828,601828.SS,상해(후강퉁) 증권거래소,20230331,20230331
205,002957,002957.SZ,심천(선강퉁) 증권거래소,20230331,20230331
207,603982,603982.SS,상해(후강퉁) 증권거래소,20230331,20230331
208,600989,600989.SS,상해(후강퉁) 증권거래소,20230331,20230331
209,603687,603687.SS,상해(후강퉁) 증권거래소,20230331,20230331
210,003032,003032.SZ,심천(선강퉁) 증권거래소,20230331,20230331
213,301073,301073.SZ,심천(선강퉁) 증권거래소,20230331,20230331
215,601615,601615.SS,상해(후강퉁) 증권거래소,20230331,20230331
216,600929,600929.SS,상해(후강퉁) 증권거래소,20230331,20230331
217,601728,601728.SS,상해(후강퉁) 증권거래소,20230331,20230331
218,300782,300782.SZ,심천(선강퉁) 증권거래소,20230331,20230331
219,301015,301015.SZ,심천(선강퉁) 증권거래소,20230331,20230331
220,300454,300454.SZ,심천(선강퉁) 증권거래소,20230331,20230331
221,000011,000011.SZ,심천(선강퉁) 증권거래소,20230331,20230331
222,301391,301391.SZ,심천(선강퉁) 증권거래소,20230331,20230331
223,300792,300792.SZ,심천(선강퉁) 증권거래소,20230331,20230331
224,002962,002962.SZ,심천(선강퉁) 증권거래소,20230331,20230331
225,002984,002984.SZ,심천(선강퉁) 증권거래소,20230331,20230331
226,688301,688301.SS,상해(후강퉁) 증권거래소,20230331,20230331
227,300790,300790.SZ,심천(선강퉁) 증권거래소,20230331,20230331
228,002959,002959.SZ,심천(선강퉁) 증권거래소,20230331,20230331
229,601330,601330.SS,상해(후강퉁) 증권거래소,20230331,20230331
230,601066,601066.SS,상해(후강퉁) 증권거래소,20230331,20230331
231,603650,603650.SS,상해(후강퉁) 증권거래소,20230331,20230331
232,603815,603815.SS,상해(후강퉁) 증권거래소,20230331,20230331
233,300793,300793.SZ,심천(선강퉁) 증권거래소,20230331,20230331
234,603053,603053.SS,상해(후강퉁) 증권거래소,20230331,20230331
235,002955,002955.SZ,심천(선강퉁) 증권거래소,20230331,20230331
236,600582,600582.SS,상해(후강퉁) 증권거래소,20230331,20230331
237,603995,603995.SS,상해(후강퉁) 증권거래소,20230331,20230331
238,002973,002973.SZ,심천(선강퉁) 증권거래소,20230331,20230331
240,603529,603529.SS,상해(후강퉁) 증권거래소,20230331,20230331
241,300805,300805.SZ,심천(선강퉁) 증권거래소,20230331,20230331
242,002651,002651.SZ,심천(선강퉁) 증권거래소,20230331,20230331
243,003043,003043.SZ,심천(선강퉁) 증권거래소,20230331,20230331
244,603719,603719.SS,상해(후강퉁) 증권거래소,20230331,20230331
245,300869,300869.SZ,심천(선강퉁) 증권거래소,20230331,20230331
246,603489,603489.SS,상해(후강퉁) 증권거래소,20230331,20230331
247,002969,002969.SZ,심천(선강퉁) 증권거래소,20230331,20230331
248,603610,603610.SS,상해(후강퉁) 증권거래소,20230331,20230331
249,601869,601869.SS,상해(후강퉁) 증권거래소,20230331,20230331
250,601068,601068.SS,상해(후강퉁) 증권거래소,20230331,20230331
251,600986,600986.SS,상해(후강퉁) 증권거래소,20230331,20230331
252,688677,688677.SS,상해(후강퉁) 증권거래소,20230331,20230331
253,688006,688006.SS,상해(후강퉁) 증권거래소,20230331,20230331
254,300760,300760.SZ,심천(선강퉁) 증권거래소,20230331,20230331
256,002936,002936.SZ,심천(선강퉁) 증권거래소,20230331,20230331
257,603290,603290.SS,상해(후강퉁) 증권거래소,20230331,20230331
258,300291,300291.SZ,심천(선강퉁) 증권거래소,20230331,20230331
260,300866,300866.SZ,심천(선강퉁) 증권거래소,20230331,20230331
261,002980,002980.SZ,심천(선강퉁) 증권거래소,20230331,20230331
262,601319,601319.SS,상해(후강퉁) 증권거래소,20230331,20230331
266,300873,300873.SZ,심천(선강퉁) 증권거래소,20230331,20230331
268,003038,003038.SZ,심천(선강퉁) 증권거래소,20230331,20230331
269,603324,603324.SS,상해(후강퉁) 증권거래소,20230331,20230331
270,301122,301122.SZ,심천(선강퉁) 증권거래소,20230331,20230331
271,600491,600491.SS,상해(후강퉁) 증권거래소,20230331,20230331
272,003021,003021.SZ,심천(선강퉁) 증권거래소,20230331,20230331
275,688005,688005.SS,상해(후강퉁) 증권거래소,20230331,20230331
276,688116,688116.SS,상해(후강퉁) 증권거래소,20230331,20230331
277,300428,300428.SZ,심천(선강퉁) 증권거래소,20230331,20230331
278,688075,688075.SS,상해(후강퉁) 증권거래소,20230331,20230331
280,605199,605199.SS,상해(후강퉁) 증권거래소,20230331,20230331
282,002177,002177.SZ,심천(선강퉁) 증권거래소,20230331,20230331
284,600546,600546.SS,상해(후강퉁) 증권거래소,20230331,20230331
285,002204,002204.SZ,심천(선강퉁) 증권거래소,20230331,20230331
286,300477,300477.SZ,심천(선강퉁) 증권거래소,20230331,20230331
288,002539,002539.SZ,심천(선강퉁) 증권거래소,20230331,20230331
290,688667,688667.SS,상해(후강퉁) 증권거래소,20230331,20230331
292,301175,301175.SZ,심천(선강퉁) 증권거래소,20230331,20230331
293,000058,000058.SZ,심천(선강퉁) 증권거래소,20230331,20230331
294,002948,002948.SZ,심천(선강퉁) 증권거래소,20230331,20230331
295,002986,002986.SZ,심천(선강퉁) 증권거래소,20230331,20230331
296,600938,600938.SS,상해(후강퉁) 증권거래소,20230331,20230331
297,688107,688107.SS,상해(후강퉁) 증권거래소,20230331,20230331
300,605286,605286.SS,상해(후강퉁) 증권거래소,20230331,20230331
301,003031,003031.SZ,심천(선강퉁) 증권거래소,20230331,20230331
302,600513,600513.SS,상해(후강퉁) 증권거래소,20230331,20230331
303,002993,002993.SZ,심천(선강퉁) 증권거래소,20230331,20230331
304,688319,688319.SS,상해(후강퉁) 증권거래소,20230331,20230331
305,688235,688235.SS,상해(후강퉁) 증권거래소,20230331,20230331
306,301236,301236.SZ,심천(선강퉁) 증권거래소,20230331,20230331
307,002318,002318.SZ,심천(선강퉁) 증권거래소,20230331,20230331
308,688330,688330.SS,상해(후강퉁) 증권거래소,20230331,20230331
309,605020,605020.SS,상해(후강퉁) 증권거래소,20230331,20230331
310,688599,688599.SS,상해(후강퉁) 증권거래소,20230331,20230331
311,300197,300197.SZ,심천(선강퉁) 증권거래소,20230331,20230331
312,001289,001289.SZ,심천(선강퉁) 증권거래소,20230331,20230331
313,601995,601995.SS,상해(후강퉁) 증권거래소,20230331,20230331
314,688169,688169.SS,상해(후강퉁) 증권거래소,20230331,20230331
315,688105,688105.SS,상해(후강퉁) 증권거래소,20230331,20230331
316,688032,688032.SS,상해(후강퉁) 증권거래소,20230331,20230331
317,301200,301200.SZ,심천(선강퉁) 증권거래소,20230331,20230331
318,605337,605337.SS,상해(후강퉁) 증권거래소,20230331,20230331
319,600023,600023.SS,상해(후강퉁) 증권거래소,20230331,20230331
321,300815,300815.SZ,심천(선강퉁) 증권거래소,20230331,20230331
322,601598,601598.SS,상해(후강퉁) 증권거래소,20230331,20230331
323,301216,301216.SZ,심천(선강퉁) 증권거래소,20230331,20230331
324,688298,688298.SS,상해(후강퉁) 증권거래소,20230331,20230331
325,600917,600917.SS,상해(후강퉁) 증권거래소,20230331,20230331
326,688388,688388.SS,상해(후강퉁) 증권거래소,20230331,20230331
327,688321,688321.SS,상해(후강퉁) 증권거래소,20230331,20230331
328,301058,301058.SZ,심천(선강퉁) 증권거래소,20230331,20230331
330,301389,301389.SZ,심천(선강퉁) 증권거래소,20230331,20230331
331,688186,688186.SS,상해(후강퉁) 증권거래소,20230331,20230331
332,002975,002975.SZ,심천(선강퉁) 증권거래소,20230331,20230331
333,003022,003022.SZ,심천(선강퉁) 증권거래소,20230331,20230331
334,300951,300951.SZ,심천(선강퉁) 증권거래소,20230331,20230331
335,601568,601568.SS,상해(후강퉁) 증권거래소,20230331,20230331
336,002947,002947.SZ,심천(선강퉁) 증권거래소,20230331,20230331
337,601686,601686.SS,상해(후강퉁) 증권거래소,20230331,20230331
338,688766,688766.SS,상해(후강퉁) 증권거래소,20230331,20230331
339,601958,601958.SS,상해(후강퉁) 증권거래소,20230331,20230331
340,300872,300872.SZ,심천(선강퉁) 증권거래소,20230331,20230331
341,300846,300846.SZ,심천(선강퉁) 증권거래소,20230331,20230331
343,688277,688277.SS,상해(후강퉁) 증권거래소,20230331,20230331
345,688012,688012.SS,상해(후강퉁) 증권거래소,20230331,20230331
346,003009,003009.SZ,심천(선강퉁) 증권거래소,20230331,20230331
347,688050,688050.SS,상해(후강퉁) 증권거래소,20230331,20230331
349,002051,002051.SZ,심천(선강퉁) 증권거래소,20230331,20230331
350,688776,688776.SS,상해(후강퉁) 증권거래소,20230331,20230331
352,300867,300867.SZ,심천(선강퉁) 증권거래소,20230331,20230331
353,601696,601696.SS,상해(후강퉁) 증권거래소,20230331,20230331
354,688192,688192.SS,상해(후강퉁) 증권거래소,20230331,20230331
355,605168,605168.SS,상해(후강퉁) 증권거래소,20230331,20230331
356,001301,001301.SZ,심천(선강퉁) 증권거래소,20230331,20230331
357,301080,301080.SZ,심천(선강퉁) 증권거래소,20230331,20230331
358,688087,688087.SS,상해(후강퉁) 증권거래소,20230331,20230331
359,002277,002277.SZ,심천(선강퉁) 증권거래소,20230331,20230331
360,301363,301363.SZ,심천(선강퉁) 증권거래소,20230331,20230331
361,301207,301207.SZ,심천(선강퉁) 증권거래소,20230331,20230331
362,002657,002657.SZ,심천(선강퉁) 증권거래소,20230331,20230331
363,001338,001338.SZ,심천(선강퉁) 증권거래소,20230331,20230331
364,688100,688100.SS,상해(후강퉁) 증권거래소,20230331,20230331
365,300969,300969.SZ,심천(선강퉁) 증권거래소,20230331,20230331
366,300833,300833.SZ,심천(선강퉁) 증권거래소,20230331,20230331
367,688777,688777.SS,상해(후강퉁) 증권거래소,20230331,20230331
368,600488,600488.SS,상해(후강퉁) 증권거래소,20230331,20230331
369,002985,002985.SZ,심천(선강퉁) 증권거래소,20230331,20230331
370,688278,688278.SS,상해(후강퉁) 증권거래소,20230331,20230331
371,300942,300942.SZ,심천(선강퉁) 증권거래소,20230331,20230331
372,300495,300495.SZ,심천(선강퉁) 증권거래소,20230331,20230331
374,688093,688093.SS,상해(후강퉁) 증권거래소,20230331,20230331
375,605050,605050.SS,상해(후강퉁) 증권거래소,20230331,20230331
376,000883,000883.SZ,심천(선강퉁) 증권거래소,20230331,20230331
377,605116,605116.SS,상해(후강퉁) 증권거래소,20230331,20230331
378,688356,688356.SS,상해(후강퉁) 증권거래소,20230331,20230331
379,688305,688305.SS,상해(후강퉁) 증권거래소,20230331,20230331
380,002987,002987.SZ,심천(선강퉁) 증권거래소,20230331,20230331
381,300911,300911.SZ,심천(선강퉁) 증권거래소,20230331,20230331
382,688369,688369.SS,상해(후강퉁) 증권거래소,20230331,20230331
385,002946,002946.SZ,심천(선강퉁) 증권거래소,20230331,20230331
386,603680,603680.SS,상해(후강퉁) 증권거래소,20230331,20230331
387,688696,688696.SS,상해(후강퉁) 증권거래소,20230331,20230331
388,688200,688200.SS,상해(후강퉁) 증권거래소,20230331,20230331
389,600905,600905.SS,상해(후강퉁) 증권거래소,20230331,20230331
390,688002,688002.SS,상해(후강퉁) 증권거래소,20230331,20230331
391,600827,600827.SS,상해(후강퉁) 증권거래소,20230331,20230331
392,002494,002494.SZ,심천(선강퉁) 증권거래소,20230331,20230331
393,688560,688560.SS,상해(후강퉁) 증권거래소,20230331,20230331
394,301162,301162.SZ,심천(선강퉁) 증권거래소,20230331,20230331
395,300861,300861.SZ,심천(선강퉁) 증권거래소,20230331,20230331
396,301217,301217.SZ,심천(선강퉁) 증권거래소,20230331,20230331
397,688505,688505.SS,상해(후강퉁) 증권거래소,20230331,20230331
398,688128,688128.SS,상해(후강퉁) 증권거래소,20230331,20230331
399,688697,688697.SS,상해(후강퉁) 증권거래소,20230331,20230331
403,688399,688399.SS,상해(후강퉁) 증권거래소,20230331,20230331
404,688190,688190.SS,상해(후강퉁) 증권거래소,20230331,20230331
405,301150,301150.SZ,심천(선강퉁) 증권거래소,20230331,20230331
406,301179,301179.SZ,심천(선강퉁) 증권거래소,20230331,20230331
407,601665,601665.SS,상해(후강퉁) 증권거래소,20230331,20230331
408,300870,300870.SZ,심천(선강퉁) 증권거래소,20230331,20230331
410,301367,301367.SZ,심천(선강퉁) 증권거래소,20230331,20230331
411,603170,603170.SS,상해(후강퉁) 증권거래소,20230331,20230331
412,002645,002645.SZ,심천(선강퉁) 증권거래소,20230331,20230331
413,600956,600956.SS,상해(후강퉁) 증권거래소,20230331,20230331
414,600831,600831.SS,상해(후강퉁) 증권거래소,20230331,20230331
415,688123,688123.SS,상해(후강퉁) 증권거래소,20230331,20230331
417,300910,300910.SZ,심천(선강퉁) 증권거래소,20230331,20230331
418,688270,688270.SS,상해(후강퉁) 증권거래소,20230331,20230331
419,001267,001267.SZ,심천(선강퉁) 증권거래소,20230331,20230331
420,001215,001215.SZ,심천(선강퉁) 증권거래소,20230331,20230331
421,688162,688162.SS,상해(후강퉁) 증권거래소,20230331,20230331
424,605089,605089.SS,상해(후강퉁) 증권거래소,20230331,20230331
426,301177,301177.SZ,심천(선강퉁) 증권거래소,20230331,20230331
427,688366,688366.SS,상해(후강퉁) 증권거래소,20230331,20230331
428,605099,605099.SS,상해(후강퉁) 증권거래소,20230331,20230331
429,002293,002293.SZ,심천(선강퉁) 증권거래소,20230331,20230331
430,688686,688686.SS,상해(후강퉁) 증권거래소,20230331,20230331
431,603171,603171.SS,상해(후강퉁) 증권거래소,20230331,20230331
432,688036,688036.SS,상해(후강퉁) 증권거래소,20230331,20230331
433,300392,300392.SZ,심천(선강퉁) 증권거래소,20230331,20230331
434,688778,688778.SS,상해(후강퉁) 증권거래소,20230331,20230331
435,601778,601778.SS,상해(후강퉁) 증권거래소,20230331,20230331
437,605090,605090.SS,상해(후강퉁) 증권거래소,20230331,20230331
438,301039,301039.SZ,심천(선강퉁) 증권거래소,20230331,20230331
439,300916,300916.SZ,심천(선강퉁) 증권거래소,20230331,20230331
440,688008,688008.SS,상해(후강퉁) 증권거래소,20230331,20230331
442,301377,301377.SZ,심천(선강퉁) 증권거래소,20230331,20230331
443,301349,301349.SZ,심천(선강퉁) 증권거래소,20230331,20230331
445,300973,300973.SZ,심천(선강퉁) 증권거래소,20230331,20230331
446,002139,002139.SZ,심천(선강퉁) 증권거래소,20230331,20230331
447,300919,300919.SZ,심천(선강퉁) 증권거래소,20230331,20230331
448,301030,301030.SZ,심천(선강퉁) 증권거래소,20230331,20230331
449,688055,688055.SS,상해(후강퉁) 증권거래소,20230331,20230331
450,601156,601156.SS,상해(후강퉁) 증권거래소,20230331,20230331
451,000567,000567.SZ,심천(선강퉁) 증권거래소,20230331,20230331
452,601077,601077.SS,상해(후강퉁) 증권거래소,20230331,20230331
453,688331,688331.SS,상해(후강퉁) 증권거래소,20230331,20230331
455,601868,601868.SS,상해(후강퉁) 증권거래소,20230331,20230331
456,601816,601816.SS,상해(후강퉁) 증권거래소,20230331,20230331
458,300893,300893.SZ,심천(선강퉁) 증권거래소,20230331,20230331
459,300825,300825.SZ,심천(선강퉁) 증권거래소,20230331,20230331
460,688520,688520.SS,상해(후강퉁) 증권거래소,20230331,20230331
461,301268,301268.SZ,심천(선강퉁) 증권거래소,20230331,20230331
462,605008,605008.SS,상해(후강퉁) 증권거래소,20230331,20230331
463,301101,301101.SZ,심천(선강퉁) 증권거래소,20230331,20230331
464,688289,688289.SS,상해(후강퉁) 증권거래소,20230331,20230331
467,688102,688102.SS,상해(후강퉁) 증권거래소,20230331,20230331
468,605338,605338.SS,상해(후강퉁) 증권거래소,20230331,20230331
469,002322,002322.SZ,심천(선강퉁) 증권거래소,20230331,20230331
470,301071,301071.SZ,심천(선강퉁) 증권거래소,20230331,20230331
471,688308,688308.SS,상해(후강퉁) 증권거래소,20230331,20230331
472,688007,688007.SS,상해(후강퉁) 증권거래소,20230331,20230331
473,688630,688630.SS,상해(후강퉁) 증권거래소,20230331,20230331
474,605499,605499.SS,상해(후강퉁) 증권거래소,20230331,20230331
476,300999,300999.SZ,심천(선강퉁) 증권거래소,20230331,20230331
477,603931,603931.SS,상해(후강퉁) 증권거래소,20230331,20230331
478,605399,605399.SS,상해(후강퉁) 증권거래소,20230331,20230331
479,688127,688127.SS,상해(후강퉁) 증권거래소,20230331,20230331
480,688066,688066.SS,상해(후강퉁) 증권거래소,20230331,20230331
481,601963,601963.SS,상해(후강퉁) 증권거래소,20230331,20230331
482,300842,300842.SZ,심천(선강퉁) 증권거래소,20230331,20230331
483,002085,002085.SZ,심천(선강퉁) 증권거래소,20230331,20230331
484,300957,300957.SZ,심천(선강퉁) 증권거래소,20230331,20230331
485,605376,605376.SS,상해(후강퉁) 증권거래소,20230331,20230331
486,688363,688363.SS,상해(후강퉁) 증권거래소,20230331,20230331
488,301238,301238.SZ,심천(선강퉁) 증권거래소,20230331,20230331
489,688660,688660.SS,상해(후강퉁) 증권거래소,20230331,20230331
490,688768,688768.SS,상해(후강퉁) 증권거래소,20230331,20230331
491,600955,600955.SS,상해(후강퉁) 증권거래소,20230331,20230331
492,688266,688266.SS,상해(후강퉁) 증권거래소,20230331,20230331
495,605388,605388.SS,상해(후강퉁) 증권거래소,20230331,20230331
496,688185,688185.SS,상해(후강퉁) 증권거래소,20230331,20230331
498,688099,688099.SS,상해(후강퉁) 증권거래소,20230331,20230331
499,688062,688062.SS,상해(후강퉁) 증권거래소,20230331,20230331
500,600906,600906.SS,상해(후강퉁) 증권거래소,20230331,20230331
501,600529,600529.SS,상해(후강퉁) 증권거래소,20230331,20230331
502,600032,600032.SS,상해(후강퉁) 증권거래소,20230331,20230331
503,688513,688513.SS,상해(후강퉁) 증권거래소,20230331,20230331
504,301087,301087.SZ,심천(선강퉁) 증권거래소,20230331,20230331
507,301029,301029.SZ,심천(선강퉁) 증권거래소,20230331,20230331
508,688232,688232.SS,상해(후강퉁) 증권거래소,20230331,20230331
509,688083,688083.SS,상해(후강퉁) 증권거래소,20230331,20230331
510,688700,688700.SS,상해(후강퉁) 증권거래소,20230331,20230331
511,601702,601702.SS,상해(후강퉁) 증권거래소,20230331,20230331
512,301267,301267.SZ,심천(선강퉁) 증권거래소,20230331,20230331
514,688658,688658.SS,상해(후강퉁) 증권거래소,20230331,20230331
515,688110,688110.SS,상해(후강퉁) 증권거래소,20230331,20230331
516,301060,301060.SZ,심천(선강퉁) 증권거래소,20230331,20230331
519,301330,301330.SZ,심천(선강퉁) 증권거래소,20230331,20230331
520,600063,600063.SS,상해(후강퉁) 증권거래소,20230331,20230331
524,000733,000733.SZ,심천(선강퉁) 증권거래소,20230331,20230331
525,605300,605300.SS,상해(후강퉁) 증권거래소,20230331,20230331
527,688690,688690.SS,상해(후강퉁) 증권거래소,20230331,20230331
528,603230,603230.SS,상해(후강퉁) 증권거래소,20230331,20230331
529,301339,301339.SZ,심천(선강퉁) 증권거래소,20230331,20230331
530,000629,000629.SZ,심천(선강퉁) 증권거래소,20230331,20230331
531,605077,605077.SS,상해(후강퉁) 증권거래소,20230331,20230331
533,603882,603882.SS,상해(후강퉁) 증권거래소,20230331,20230331
534,001308,001308.SZ,심천(선강퉁) 증권거래소,20230331,20230331
535,603167,603167.SS,상해(후강퉁) 증권거래소,20230331,20230331
536,688001,688001.SS,상해(후강퉁) 증권거래소,20230331,20230331
537,300978,300978.SZ,심천(선강퉁) 증권거래소,20230331,20230331
538,605009,605009.SS,상해(후강퉁) 증권거래소,20230331,20230331
539,688561,688561.SS,상해(후강퉁) 증권거래소,20230331,20230331
540,600776,600776.SS,상해(후강퉁) 증권거래소,20230331,20230331
541,688234,688234.SS,상해(후강퉁) 증권거래소,20230331,20230331
542,300055,300055.SZ,심천(선강퉁) 증권거래소,20230331,20230331
543,001258,001258.SZ,심천(선강퉁) 증권거래소,20230331,20230331
544,002918,002918.SZ,심천(선강퉁) 증권거래소,20230331,20230331
545,688166,688166.SS,상해(후강퉁) 증권거래소,20230331,20230331
546,301116,301116.SZ,심천(선강퉁) 증권거래소,20230331,20230331
547,601456,601456.SS,상해(후강퉁) 증권거래소,20230331,20230331
548,301099,301099.SZ,심천(선강퉁) 증권거래소,20230331,20230331
549,000836,000836.SZ,심천(선강퉁) 증권거래소,20230331,20230331
551,688333,688333.SS,상해(후강퉁) 증권거래소,20230331,20230331
552,605222,605222.SS,상해(후강퉁) 증권거래소,20230331,20230331
553,688206,688206.SS,상해(후강퉁) 증권거래소,20230331,20230331
556,003029,003029.SZ,심천(선강퉁) 증권거래소,20230331,20230331
558,688617,688617.SS,상해(후강퉁) 증권거래소,20230331,20230331
559,688661,688661.SS,상해(후강퉁) 증권거래소,20230331,20230331
561,688180,688180.SS,상해(후강퉁) 증권거래소,20230331,20230331
562,601827,601827.SS,상해(후강퉁) 증권거래소,20230331,20230331
564,605018,605018.SS,상해(후강퉁) 증권거래소,20230331,20230331
565,301301,301301.SZ,심천(선강퉁) 증권거래소,20230331,20230331
568,688188,688188.SS,상해(후강퉁) 증권거래소,20230331,20230331
569,003013,003013.SZ,심천(선강퉁) 증권거래소,20230331,20230331
570,605507,605507.SS,상해(후강퉁) 증권거래소,20230331,20230331
572,688302,688302.SS,상해(후강퉁) 증권거래소,20230331,20230331
573,301260,301260.SZ,심천(선강퉁) 증권거래소,20230331,20230331
574,600136,600136.SS,상해(후강퉁) 증권거래소,20230331,20230331
575,301165,301165.SZ,심천(선강퉁) 증권거래소,20230331,20230331
576,002991,002991.SZ,심천(선강퉁) 증권거래소,20230331,20230331
578,001223,001223.SZ,심천(선강퉁) 증권거래소,20230331,20230331
579,688239,688239.SS,상해(후강퉁) 증권거래소,20230331,20230331
580,301328,301328.SZ,심천(선강퉁) 증권거래소,20230331,20230331
581,605198,605198.SS,상해(후강퉁) 증권거래소,20230331,20230331
582,002169,002169.SZ,심천(선강퉁) 증권거래소,20230331,20230331
583,688157,688157.SS,상해(후강퉁) 증권거래소,20230331,20230331
584,688037,688037.SS,상해(후강퉁) 증권거래소,20230331,20230331
586,605117,605117.SS,상해(후강퉁) 증권거래소,20230331,20230331
588,003816,003816.SZ,심천(선강퉁) 증권거래소,20230331,20230331
589,688598,688598.SS,상해(후강퉁) 증권거래소,20230331,20230331
590,605333,605333.SS,상해(후강퉁) 증권거래소,20230331,20230331
591,688126,688126.SS,상해(후강퉁) 증권거래소,20230331,20230331
593,688198,688198.SS,상해(후강퉁) 증권거래소,20230331,20230331
595,001228,001228.SZ,심천(선강퉁) 증권거래소,20230331,20230331
596,688779,688779.SS,상해(후강퉁) 증권거래소,20230331,20230331
598,688383,688383.SS,상해(후강퉁) 증권거래소,20230331,20230331
599,601890,601890.SS,상해(후강퉁) 증권거래소,20230331,20230331
600,688018,688018.SS,상해(후강퉁) 증권거래소,20230331,20230331
602,688526,688526.SS,상해(후강퉁) 증권거래소,20230331,20230331
603,301120,301120.SZ,심천(선강퉁) 증권거래소,20230331,20230331
604,601298,601298.SS,상해(후강퉁) 증권거래소,20230331,20230331
605,000819,000819.SZ,심천(선강퉁) 증권거래소,20230331,20230331
608,688248,688248.SS,상해(후강퉁) 증권거래소,20230331,20230331
609,601231,601231.SS,상해(후강퉁) 증권거래소,20230331,20230331
611,300821,300821.SZ,심천(선강퉁) 증권거래소,20230331,20230331
612,605056,605056.SS,상해(후강퉁) 증권거래소,20230331,20230331
613,688082,688082.SS,상해(후강퉁) 증권거래소,20230331,20230331
615,688521,688521.SS,상해(후강퉁) 증권거래소,20230331,20230331
617,301047,301047.SZ,심천(선강퉁) 증권거래소,20230331,20230331
620,600058,600058.SS,상해(후강퉁) 증권거래소,20230331,20230331
621,000407,000407.SZ,심천(선강퉁) 증권거래소,20230331,20230331
622,688088,688088.SS,상해(후강퉁) 증권거래소,20230331,20230331
623,603209,603209.SS,상해(후강퉁) 증권거래소,20230331,20230331
624,300850,300850.SZ,심천(선강퉁) 증권거래소,20230331,20230331
625,301308,301308.SZ,심천(선강퉁) 증권거래소,20230331,20230331
626,688538,688538.SS,상해(후강퉁) 증권거래소,20230331,20230331
627,688065,688065.SS,상해(후강퉁) 증권거래소,20230331,20230331
629,300841,300841.SZ,심천(선강퉁) 증권거래소,20230331,20230331
630,301050,301050.SZ,심천(선강퉁) 증권거래소,20230331,20230331
631,300284,300284.SZ,심천(선강퉁) 증권거래소,20230331,20230331
632,688059,688059.SS,상해(후강퉁) 증권거래소,20230331,20230331
633,300073,300073.SZ,심천(선강퉁) 증권거래소,20230331,20230331
635,300982,300982.SZ,심천(선강퉁) 증권거래소,20230331,20230331
636,605358,605358.SS,상해(후강퉁) 증권거래소,20230331,20230331
638,600916,600916.SS,상해(후강퉁) 증권거래소,20230331,20230331
639,688016,688016.SS,상해(후강퉁) 증권거래소,20230331,20230331
640,688009,688009.SS,상해(후강퉁) 증권거래소,20230331,20230331
641,600418,600418.SS,상해(후강퉁) 증권거래소,20230331,20230331
642,002354,002354.SZ,심천(선강퉁) 증권거래소,20230331,20230331
645,603599,603599.SS,상해(후강퉁) 증권거래소,20230331,20230331
647,688027,688027.SS,상해(후강퉁) 증권거래소,20230331,20230331
648,688233,688233.SS,상해(후강퉁) 증권거래소,20230331,20230331
649,300997,300997.SZ,심천(선강퉁) 증권거래소,20230331,20230331
650,605369,605369.SS,상해(후강퉁) 증권거래소,20230331,20230331
651,688221,688221.SS,상해(후강퉁) 증권거래소,20230331,20230331
652,603317,603317.SS,상해(후강퉁) 증권거래소,20230331,20230331
653,688567,688567.SS,상해(후강퉁) 증권거래소,20230331,20230331
654,688568,688568.SS,상해(후강퉁) 증권거래소,20230331,20230331
655,000002,000002.SZ,심천(선강퉁) 증권거래소,20230331,20230331
656,300979,300979.SZ,심천(선강퉁) 증권거래소,20230331,20230331
657,002977,002977.SZ,심천(선강퉁) 증권거래소,20230331,20230331
659,605123,605123.SS,상해(후강퉁) 증권거래소,20230331,20230331
660,688819,688819.SS,상해(후강퉁) 증권거래소,20230331,20230331
662,688578,688578.SS,상해(후강퉁) 증권거래소,20230331,20230331
663,688019,688019.SS,상해(후강퉁) 증권거래소,20230331,20230331
665,605060,605060.SS,상해(후강퉁) 증권거래소,20230331,20230331
666,001323,001323.SZ,심천(선강퉁) 증권거래소,20230331,20230331
667,600777,600777.SS,상해(후강퉁) 증권거래소,20230331,20230331
668,300196,300196.SZ,심천(선강퉁) 증권거래소,20230331,20230331
669,603195,603195.SS,상해(후강퉁) 증권거래소,20230331,20230331
670,688665,688665.SS,상해(후강퉁) 증권거래소,20230331,20230331
673,600549,600549.SS,상해(후강퉁) 증권거래소,20230331,20230331
674,000061,000061.SZ,심천(선강퉁) 증권거래소,20230331,20230331
675,601601,601601.SS,상해(후강퉁) 증권거래소,20230331,20230331
677,688022,688022.SS,상해(후강퉁) 증권거래소,20230331,20230331
678,301278,301278.SZ,심천(선강퉁) 증권거래소,20230331,20230331
679,002475,002475.SZ,심천(선강퉁) 증권거래소,20230331,20230331
680,001213,001213.SZ,심천(선강퉁) 증권거래소,20230331,20230331
681,301239,301239.SZ,심천(선강퉁) 증권거래소,20230331,20230331
682,301195,301195.SZ,심천(선강퉁) 증권거래소,20230331,20230331
683,301180,301180.SZ,심천(선강퉁) 증권거래소,20230331,20230331
684,003040,003040.SZ,심천(선강퉁) 증권거래소,20230331,20230331
685,603219,603219.SS,상해(후강퉁) 증권거래소,20230331,20230331
686,301327,301327.SZ,심천(선강퉁) 증권거래소,20230331,20230331
687,688425,688425.SS,상해(후강퉁) 증권거래소,20230331,20230331
688,688259,688259.SS,상해(후강퉁) 증권거래소,20230331,20230331
691,688668,688668.SS,상해(후강퉁) 증권거래소,20230331,20230331
692,600233,600233.SS,상해(후강퉁) 증권거래소,20230331,20230331
694,688139,688139.SS,상해(후강퉁) 증권거래소,20230331,20230331
695,688586,688586.SS,상해(후강퉁) 증권거래소,20230331,20230331
696,688201,688201.SS,상해(후강퉁) 증권거래소,20230331,20230331
698,301155,301155.SZ,심천(선강퉁) 증권거래소,20230331,20230331
699,688608,688608.SS,상해(후강퉁) 증권거래소,20230331,20230331
700,603071,603071.SS,상해(후강퉁) 증권거래소,20230331,20230331
701,301123,301123.SZ,심천(선강퉁) 증권거래소,20230331,20230331
703,601658,601658.SS,상해(후강퉁) 증권거래소,20230331,20230331
704,688261,688261.SS,상해(후강퉁) 증권거래소,20230331,20230331
705,001208,001208.SZ,심천(선강퉁) 증권거래소,20230331,20230331
707,301356,301356.SZ,심천(선강퉁) 증권거래소,20230331,20230331
711,301102,301102.SZ,심천(선강퉁) 증권거래소,20230331,20230331
712,301095,301095.SZ,심천(선강퉁) 증권거래소,20230331,20230331
713,001339,001339.SZ,심천(선강퉁) 증권거래소,20230331,20230331
714,688063,688063.SS,상해(후강퉁) 증권거래소,20230331,20230331
715,600941,600941.SS,상해(후강퉁) 증권거래소,20230331,20230331
716,300155,300155.SZ,심천(선강퉁) 증권거래소,20230331,20230331
717,605007,605007.SS,상해(후강퉁) 증권거래소,20230331,20230331
718,603213,603213.SS,상해(후강퉁) 증권거래소,20230331,20230331
719,300019,300019.SZ,심천(선강퉁) 증권거래소,20230331,20230331
720,688385,688385.SS,상해(후강퉁) 증권거래소,20230331,20230331
721,002393,002393.SZ,심천(선강퉁) 증권거래소,20230331,20230331
722,301090,301090.SZ,심천(선강퉁) 증권거래소,20230331,20230331
723,688315,688315.SS,상해(후강퉁) 증권거래소,20230331,20230331
724,601169,601169.SS,상해(후강퉁) 증권거래소,20230331,20230331
725,601611,601611.SS,상해(후강퉁) 증권거래소,20230331,20230331
727,688345,688345.SS,상해(후강퉁) 증권거래소,20230331,20230331
728,301129,301129.SZ,심천(선강퉁) 증권거래소,20230331,20230331
729,688772,688772.SS,상해(후강퉁) 증권거래소,20230331,20230331
731,000751,000751.SZ,심천(선강퉁) 증권거래소,20230331,20230331
733,688173,688173.SS,상해(후강퉁) 증권거래소,20230331,20230331
734,600863,600863.SS,상해(후강퉁) 증권거래소,20230331,20230331
736,688091,688091.SS,상해(후강퉁) 증권거래소,20230331,20230331
737,001322,001322.SZ,심천(선강퉁) 증권거래소,20230331,20230331
738,688176,688176.SS,상해(후강퉁) 증권거래소,20230331,20230331
741,002628,002628.SZ,심천(선강퉁) 증권거래소,20230331,20230331
742,688148,688148.SS,상해(후강퉁) 증권거래소,20230331,20230331
746,688182,688182.SS,상해(후강퉁) 증권거래소,20230331,20230331
748,000596,000596.SZ,심천(선강퉁) 증권거래소,20230331,20230331
749,000055,000055.SZ,심천(선강퉁) 증권거래소,20230331,20230331
750,002786,002786.SZ,심천(선강퉁) 증권거래소,20230331,20230331
751,000039,000039.SZ,심천(선강퉁) 증권거래소,20230331,20230331
753,000625,000625.SZ,심천(선강퉁) 증권거래소,20230331,20230331
754,000688,000688.SZ,심천(선강퉁) 증권거래소,20230331,20230331
755,000539,000539.SZ,심천(선강퉁) 증권거래소,20230331,20230331
756,000016,000016.SZ,심천(선강퉁) 증권거래소,20230331,20230331
757,002653,002653.SZ,심천(선강퉁) 증권거래소,20230331,20230331
758,001872,001872.SZ,심천(선강퉁) 증권거래소,20230331,20230331
759,000936,000936.SZ,심천(선강퉁) 증권거래소,20230331,20230331
760,600611,600611.SS,상해(후강퉁) 증권거래소,20230331,20230331
761,000541,000541.SZ,심천(선강퉁) 증권거래소,20230331,20230331
762,601069,601069.SS,상해(후강퉁) 증권거래소,20230331,20230331
763,000869,000869.SZ,심천(선강퉁) 증권거래소,20230331,20230331
764,600094,600094.SS,상해(후강퉁) 증권거래소,20230331,20230331
765,600617,600617.SS,상해(후강퉁) 증권거래소,20230331,20230331
766,000932,000932.SZ,심천(선강퉁) 증권거래소,20230331,20230331
767,600221,600221.SS,상해(후강퉁) 증권거래소,20230331,20230331
768,000761,000761.SZ,심천(선강퉁) 증권거래소,20230331,20230331
769,600295,600295.SS,상해(후강퉁) 증권거래소,20230331,20230331
770,600227,600227.SS,상해(후강퉁) 증권거래소,20230331,20230331
772,000513,000513.SZ,심천(선강퉁) 증권거래소,20230331,20230331
773,300723,300723.SZ,심천(선강퉁) 증권거래소,20230331,20230331
774,000488,000488.SZ,심천(선강퉁) 증권거래소,20230331,20230331
775,600054,600054.SS,상해(후강퉁) 증권거래소,20230331,20230331
776,600623,600623.SS,상해(후강퉁) 증권거래소,20230331,20230331
777,600320,600320.SS,상해(후강퉁) 증권거래소,20230331,20230331
778,600602,600602.SS,상해(후강퉁) 증권거래소,20230331,20230331
779,600639,600639.SS,상해(후강퉁) 증권거래소,20230331,20230331
780,600016,600016.SS,상해(후강퉁) 증권거래소,20230331,20230331
781,600754,600754.SS,상해(후강퉁) 증권거래소,20230331,20230331
782,000581,000581.SZ,심천(선강퉁) 증권거래소,20230331,20230331
783,000028,000028.SZ,심천(선강퉁) 증권거래소,20230331,20230331
784,000031,000031.SZ,심천(선강퉁) 증권거래소,20230331,20230331
785,000503,000503.SZ,심천(선강퉁) 증권거래소,20230331,20230331
786,000030,000030.SZ,심천(선강퉁) 증권거래소,20230331,20230331
788,000550,000550.SZ,심천(선강퉁) 증권거래소,20230331,20230331
789,000839,000839.SZ,심천(선강퉁) 증권거래소,20230331,20230331
790,000063,000063.SZ,심천(선강퉁) 증권거래소,20230331,20230331
791,600019,600019.SS,상해(후강퉁) 증권거래소,20230331,20230331
792,600675,600675.SS,상해(후강퉁) 증권거래소,20230331,20230331
793,600036,600036.SS,상해(후강퉁) 증권거래소,20230331,20230331
794,600641,600641.SS,상해(후강퉁) 증권거래소,20230331,20230331
795,600081,600081.SS,상해(후강퉁) 증권거래소,20230331,20230331
796,000800,000800.SZ,심천(선강퉁) 증권거래소,20230331,20230331
797,000429,000429.SZ,심천(선강퉁) 증권거래소,20230331,20230331
798,000726,000726.SZ,심천(선강퉁) 증권거래소,20230331,20230331
799,600104,600104.SS,상해(후강퉁) 증권거래소,20230331,20230331
800,600642,600642.SS,상해(후강퉁) 증권거래소,20230331,20230331
801,600131,600131.SS,상해(후강퉁) 증권거래소,20230331,20230331
803,600009,600009.SS,상해(후강퉁) 증권거래소,20230331,20230331
804,600000,600000.SS,상해(후강퉁) 증권거래소,20221231,20221231
805,600649,600649.SS,상해(후강퉁) 증권거래소,20230331,20230331
806,000089,000089.SZ,심천(선강퉁) 증권거래소,20230331,20230331
807,000001,000001.SZ,심천(선강퉁) 증권거래소,20230331,20230331
808,000088,000088.SZ,심천(선강퉁) 증권거래소,20230331,20230331
809,600839,600839.SS,상해(후강퉁) 증권거래소,20230331,20230331
810,600637,600637.SS,상해(후강퉁) 증권거래소,20230331,20230331
811,600177,600177.SS,상해(후강퉁) 증권거래소,20230331,20230331
812,600797,600797.SS,상해(후강퉁) 증권거래소,20230331,20230331
813,600382,600382.SS,상해(후강퉁) 증권거래소,20230331,20230331
814,002288,002288.SZ,심천(선강퉁) 증권거래소,20230331,20230331
816,002465,002465.SZ,심천(선강퉁) 증권거래소,20230331,20230331
817,000505,000505.SZ,심천(선강퉁) 증권거래소,20230331,20230331
818,600717,600717.SS,상해(후강퉁) 증권거래소,20230331,20230331
819,600166,600166.SS,상해(후강퉁) 증권거래소,20230331,20230331
820,000035,000035.SZ,심천(선강퉁) 증권거래소,20230331,20230331
821,603520,603520.SS,상해(후강퉁) 증권거래소,20230331,20230331
823,600519,600519.SS,상해(후강퉁) 증권거래소,20230331,20230331
824,300123,300123.SZ,심천(선강퉁) 증권거래소,20230331,20230331
825,600085,600085.SS,상해(후강퉁) 증권거래소,20230331,20230331
826,600597,600597.SS,상해(후강퉁) 증권거래소,20230331,20230331
828,300134,300134.SZ,심천(선강퉁) 증권거래소,20230331,20230331
829,000767,000767.SZ,심천(선강퉁) 증권거래소,20230331,20230331
830,600030,600030.SS,상해(후강퉁) 증권거래소,20230331,20230331
831,600812,600812.SS,상해(후강퉁) 증권거래소,20230331,20230331
832,000927,000927.SZ,심천(선강퉁) 증권거래소,20230331,20230331
833,600037,600037.SS,상해(후강퉁) 증권거래소,20230331,20230331
834,000027,000027.SZ,심천(선강퉁) 증권거래소,20230331,20230331
835,000858,000858.SZ,심천(선강퉁) 증권거래소,20230331,20230331
836,000568,000568.SZ,심천(선강퉁) 증권거래소,20230331,20230331
837,601607,601607.SS,상해(후강퉁) 증권거래소,20230331,20230331
838,600718,600718.SS,상해(후강퉁) 증권거래소,20230331,20230331
839,600795,600795.SS,상해(후강퉁) 증권거래소,20230331,20230331
840,600015,600015.SS,상해(후강퉁) 증권거래소,20230331,20230331
841,600210,600210.SS,상해(후강퉁) 증권거래소,20230331,20230331
842,002253,002253.SZ,심천(선강퉁) 증권거래소,20230331,20230331
843,600664,600664.SS,상해(후강퉁) 증권거래소,20230331,20230331
844,600897,600897.SS,상해(후강퉁) 증권거래소,20230331,20230331
845,600900,600900.SS,상해(후강퉁) 증권거래소,20230331,20230331
846,600887,600887.SS,상해(후강퉁) 증권거래소,20230331,20230331
847,600098,600098.SS,상해(후강퉁) 증권거래소,20230331,20230331
848,600006,600006.SS,상해(후강퉁) 증권거래소,20230331,20230331
849,600129,600129.SS,상해(후강퉁) 증권거래소,20230331,20230331
850,600008,600008.SS,상해(후강퉁) 증권거래소,20230331,20230331
851,600663,600663.SS,상해(후강퉁) 증권거래소,20230331,20230331
853,600498,600498.SS,상해(후강퉁) 증권거래소,20230331,20230331
854,300512,300512.SZ,심천(선강퉁) 증권거래소,20230331,20230331
855,600266,600266.SS,상해(후강퉁) 증권거래소,20230331,20230331
856,600217,600217.SS,상해(후강퉁) 증권거래소,20230331,20230331
857,600033,600033.SS,상해(후강퉁) 증권거래소,20230331,20230331
858,600380,600380.SS,상해(후강퉁) 증권거래소,20230331,20230331
859,600007,600007.SS,상해(후강퉁) 증권거래소,20230331,20230331
860,600111,600111.SS,상해(후강퉁) 증권거래소,20230331,20230331
861,600536,600536.SS,상해(후강퉁) 증권거래소,20230331,20230331
862,600216,600216.SS,상해(후강퉁) 증권거래소,20230331,20230331
863,600108,600108.SS,상해(후강퉁) 증권거래소,20230331,20230331
864,600100,600100.SS,상해(후강퉁) 증권거래소,20230331,20230331
865,002596,002596.SZ,심천(선강퉁) 증권거래소,20230331,20230331
866,600121,600121.SS,상해(후강퉁) 증권거래소,20230331,20230331
867,600096,600096.SS,상해(후강퉁) 증권거래소,20230331,20230331
868,600071,600071.SS,상해(후강퉁) 증권거래소,20230331,20230331
869,600073,600073.SS,상해(후강퉁) 증권거래소,20230331,20230331
870,600195,600195.SS,상해(후강퉁) 증권거래소,20230331,20230331
871,600171,600171.SS,상해(후강퉁) 증권거래소,20230331,20230331
872,600299,600299.SS,상해(후강퉁) 증권거래소,20230331,20230331
873,600288,600288.SS,상해(후강퉁) 증권거래소,20230331,20230331
874,600307,600307.SS,상해(후강퉁) 증권거래소,20230331,20230331
875,600309,600309.SS,상해(후강퉁) 증권거래소,20230331,20230331
876,688089,688089.SS,상해(후강퉁) 증권거래소,20230331,20230331
877,600170,600170.SS,상해(후강퉁) 증권거래소,20230331,20230331
878,002528,002528.SZ,심천(선강퉁) 증권거래소,20230331,20230331
879,600267,600267.SS,상해(후강퉁) 증권거래소,20230331,20230331
880,600282,600282.SS,상해(후강퉁) 증권거래소,20230331,20230331
881,600010,600010.SS,상해(후강퉁) 증권거래소,20230331,20230331
882,000709,000709.SZ,심천(선강퉁) 증권거래소,20230331,20230331
883,600648,600648.SS,상해(후강퉁) 증권거래소,20230331,20230331
884,600256,600256.SS,상해(후강퉁) 증권거래소,20230331,20230331
885,600062,600062.SS,상해(후강퉁) 증권거래소,20230331,20230331
886,000029,000029.SZ,심천(선강퉁) 증권거래소,20230331,20230331
887,600190,600190.SS,상해(후강퉁) 증권거래소,20230331,20230331
888,000828,000828.SZ,심천(선강퉁) 증권거래소,20230331,20230331
889,000898,000898.SZ,심천(선강퉁) 증권거래소,20230331,20230331
890,600236,600236.SS,상해(후강퉁) 증권거래소,20230331,20230331
891,000021,000021.SZ,심천(선강퉁) 증권거래소,20230331,20230331
892,600115,600115.SS,상해(후강퉁) 증권거래소,20230331,20230331
893,002375,002375.SZ,심천(선강퉁) 증권거래소,20230331,20230331
894,000998,000998.SZ,심천(선강퉁) 증권거래소,20230331,20230331
895,000498,000498.SZ,심천(선강퉁) 증권거래소,20230331,20230331
896,000045,000045.SZ,심천(선강퉁) 증권거래소,20230331,20230331
897,000425,000425.SZ,심천(선강퉁) 증권거래소,20230331,20230331
898,000676,000676.SZ,심천(선강퉁) 증권거래소,20230331,20230331
899,000983,000983.SZ,심천(선강퉁) 증권거래소,20230331,20230331
900,000999,000999.SZ,심천(선강퉁) 증권거래소,20230331,20230331
901,601717,601717.SS,상해(후강퉁) 증권거래소,20230331,20230331
902,002610,002610.SZ,심천(선강퉁) 증권거래소,20230331,20230331
903,600393,600393.SS,상해(후강퉁) 증권거래소,20230331,20230331
904,603985,603985.SS,상해(후강퉁) 증권거래소,20230331,20230331
905,600165,600165.SS,상해(후강퉁) 증권거래소,20230331,20230331
906,603187,603187.SS,상해(후강퉁) 증권거래소,20230331,20230331
907,600690,600690.SS,상해(후강퉁) 증권거래소,20230331,20230331
909,600277,600277.SS,상해(후강퉁) 증권거래소,20230331,20230331
910,000652,000652.SZ,심천(선강퉁) 증권거래소,20230331,20230331
911,600180,600180.SS,상해(후강퉁) 증권거래소,20230331,20230331
912,000422,000422.SZ,심천(선강퉁) 증권거래소,20230331,20230331
913,000959,000959.SZ,심천(선강퉁) 증권거래소,20230331,20230331
914,000401,000401.SZ,심천(선강퉁) 증권거래소,20230331,20230331
915,600609,600609.SS,상해(후강퉁) 증권거래소,20230331,20230331
916,600660,600660.SS,상해(후강퉁) 증권거래소,20230331,20230331
917,600594,600594.SS,상해(후강퉁) 증권거래소,20230331,20230331
918,600740,600740.SS,상해(후강퉁) 증권거래소,20230331,20230331
919,000933,000933.SZ,심천(선강퉁) 증권거래소,20230331,20230331
920,000912,000912.SZ,심천(선강퉁) 증권거래소,20230331,20230331
921,600415,600415.SS,상해(후강퉁) 증권거래소,20230331,20230331
922,600710,600710.SS,상해(후강퉁) 증권거래소,20230331,20230331
924,601020,601020.SS,상해(후강퉁) 증권거래소,20230331,20230331
926,601975,601975.SS,상해(후강퉁) 증권거래소,20230331,20230331
927,600284,600284.SS,상해(후강퉁) 증권거래소,20230331,20230331
928,600467,600467.SS,상해(후강퉁) 증권거래소,20230331,20230331
929,603601,603601.SS,상해(후강퉁) 증권거래소,20230331,20230331
930,000949,000949.SZ,심천(선강퉁) 증권거래소,20230331,20230331
931,600508,600508.SS,상해(후강퉁) 증권거래소,20230331,20230331
932,000096,000096.SZ,심천(선강퉁) 증권거래소,20230331,20230331
933,600572,600572.SS,상해(후강퉁) 증권거래소,20230331,20230331
934,300630,300630.SZ,심천(선강퉁) 증권거래소,20230331,20230331
935,000066,000066.SZ,심천(선강퉁) 증권거래소,20230331,20230331
936,000793,000793.SZ,심천(선강퉁) 증권거래소,20230331,20230331
937,002315,002315.SZ,심천(선강퉁) 증권거래소,20230331,20230331
938,600161,600161.SS,상해(후강퉁) 증권거래소,20230331,20230331
939,600428,600428.SS,상해(후강퉁) 증권거래소,20230331,20230331
940,600429,600429.SS,상해(후강퉁) 증권거래소,20230331,20230331
941,603439,603439.SS,상해(후강퉁) 증권거래소,20230331,20230331
942,600976,600976.SS,상해(후강퉁) 증권거래소,20230331,20230331
943,600737,600737.SS,상해(후강퉁) 증권거래소,20230331,20230331
944,000878,000878.SZ,심천(선강퉁) 증권거래소,20230331,20230331
945,600886,600886.SS,상해(후강퉁) 증권거래소,20230331,20230331
946,000423,000423.SZ,심천(선강퉁) 증권거래소,20230331,20230331
947,600373,600373.SS,상해(후강퉁) 증권거래소,20230331,20230331
948,600497,600497.SS,상해(후강퉁) 증권거래소,20230331,20230331
949,000930,000930.SZ,심천(선강퉁) 증권거래소,20230331,20230331
950,600031,600031.SS,상해(후강퉁) 증권거래소,20230331,20230331
951,600985,600985.SS,상해(후강퉁) 증권거래소,20230331,20230331
952,000778,000778.SZ,심천(선강퉁) 증권거래소,20230331,20230331
953,002507,002507.SZ,심천(선강퉁) 증권거래소,20230331,20230331
954,600990,600990.SS,상해(후강퉁) 증권거래소,20230331,20230331
955,000612,000612.SZ,심천(선강퉁) 증권거래소,20230331,20230331
956,600114,600114.SS,상해(후강퉁) 증권거래소,20230331,20230331
957,000966,000966.SZ,심천(선강퉁) 증권거래소,20230331,20230331
958,000758,000758.SZ,심천(선강퉁) 증권거래소,20230331,20230331
959,600259,600259.SS,상해(후강퉁) 증권거래소,20230331,20230331
960,600707,600707.SS,상해(후강퉁) 증권거래소,20230331,20230331
962,000019,000019.SZ,심천(선강퉁) 증권거래소,20230331,20230331
963,000025,000025.SZ,심천(선강퉁) 증권거래소,20230331,20230331
964,000413,000413.SZ,심천(선강퉁) 증권거래소,20230331,20230331
965,600604,600604.SS,상해(후강퉁) 증권거래소,20230331,20230331
966,600613,600613.SS,상해(후강퉁) 증권거래소,20230331,20230331
967,002418,002418.SZ,심천(선강퉁) 증권거래소,20230331,20230331
968,600612,600612.SS,상해(후강퉁) 증권거래소,20230331,20230331
969,600610,600610.SS,상해(후강퉁) 증권거래소,20230331,20230331
970,600618,600618.SS,상해(후강퉁) 증권거래소,20230331,20230331
971,300045,300045.SZ,심천(선강퉁) 증권거래소,20230331,20230331
972,600650,600650.SS,상해(후강퉁) 증권거래소,20230331,20230331
973,600818,600818.SS,상해(후강퉁) 증권거래소,20230331,20230331
974,600571,600571.SS,상해(후강퉁) 증권거래소,20230331,20230331
975,600841,600841.SS,상해(후강퉁) 증권거래소,20230331,20230331
976,600835,600835.SS,상해(후강퉁) 증권거래소,20230331,20230331
977,600845,600845.SS,상해(후강퉁) 증권거래소,20230331,20230331
978,600848,600848.SS,상해(후강퉁) 증권거래소,20230331,20230331
979,600801,600801.SS,상해(후강퉁) 증권거래소,20230331,20230331
980,600751,600751.SS,상해(후강퉁) 증권거래소,20230331,20230331
981,000059,000059.SZ,심천(선강퉁) 증권거래소,20230331,20230331
982,000919,000919.SZ,심천(선강퉁) 증권거래소,20230331,20230331
983,000559,000559.SZ,심천(선강퉁) 증권거래소,20230331,20230331
984,000766,000766.SZ,심천(선강퉁) 증권거래소,20230331,20230331
985,300617,300617.SZ,심천(선강퉁) 증권거래소,20230331,20230331
986,000601,000601.SZ,심천(선강퉁) 증권거래소,20230331,20230331
987,000897,000897.SZ,심천(선강퉁) 증권거래소,20230331,20230331
988,000060,000060.SZ,심천(선강퉁) 증권거래소,20230331,20230331
989,600967,600967.SS,상해(후강퉁) 증권거래소,20230331,20230331
991,600992,600992.SS,상해(후강퉁) 증권거래소,20230331,20230331
992,600410,600410.SS,상해(후강퉁) 증권거래소,20230331,20230331
993,000571,000571.SZ,심천(선강퉁) 증권거래소,20230331,20230331
994,000876,000876.SZ,심천(선강퉁) 증권거래소,20230331,20230331
995,000301,000301.SZ,심천(선강퉁) 증권거래소,20230331,20230331
996,000012,000012.SZ,심천(선강퉁) 증권거래소,20230331,20230331
997,600521,600521.SS,상해(후강퉁) 증권거래소,20230331,20230331
999,600997,600997.SS,상해(후강퉁) 증권거래소,20230331,20230331
1000,000510,000510.SZ,심천(선강퉁) 증권거래소,20230331,20230331
1001,600308,600308.SS,상해(후강퉁) 증권거래소,20230331,20230331
1002,000976,000976.SZ,심천(선강퉁) 증권거래소,20230331,20230331
1003,600366,600366.SS,상해(후강퉁) 증권거래소,20230331,20230331
1004,600975,600975.SS,상해(후강퉁) 증권거래소,20230331,20230331
1005,000584,000584.SZ,심천(선강퉁) 증권거래소,20230331,20230331
1007,000528,000528.SZ,심천(선강퉁) 증권거래소,20230331,20230331
1008,600995,600995.SS,상해(후강퉁) 증권거래소,20230331,20230331
1009,000078,000078.SZ,심천(선강퉁) 증권거래소,20230331,20230331
1010,000973,000973.SZ,심천(선강퉁) 증권거래소,20230331,20230331
1011,600495,600495.SS,상해(후강퉁) 증권거래소,20230331,20230331
1013,300199,300199.SZ,심천(선강퉁) 증권거래소,20230331,20230331
1014,600993,600993.SS,상해(후강퉁) 증권거래소,20230331,20230331
1015,600963,600963.SS,상해(후강퉁) 증권거래소,20230331,20230331
1016,002002,002002.SZ,심천(선강퉁) 증권거래소,20230331,20230331
1017,002001,002001.SZ,심천(선강퉁) 증권거래소,20230331,20230331
1018,002003,002003.SZ,심천(선강퉁) 증권거래소,20230331,20230331
1019,600143,600143.SS,상해(후강퉁) 증권거래소,20230331,20230331
1020,600483,600483.SS,상해(후강퉁) 증권거래소,20230331,20230331
1021,600628,600628.SS,상해(후강퉁) 증권거래소,20230331,20230331
1022,002005,002005.SZ,심천(선강퉁) 증권거래소,20230331,20230331
1023,002004,002004.SZ,심천(선강퉁) 증권거래소,20230331,20230331
1024,000538,000538.SZ,심천(선강퉁) 증권거래소,20230331,20230331
1025,000597,000597.SZ,심천(선강퉁) 증권거래소,20230331,20230331
1026,000960,000960.SZ,심천(선강퉁) 증권거래소,20230331,20230331
1027,000806,000806.SZ,심천(선강퉁) 증권거래소,20230331,20230331
1028,000069,000069.SZ,심천(선강퉁) 증권거래소,20230331,20230331
1029,002010,002010.SZ,심천(선강퉁) 증권거래소,20230331,20230331
1030,002006,002006.SZ,심천(선강퉁) 증권거래소,20230331,20230331
1031,000701,000701.SZ,심천(선강퉁) 증권거래소,20230331,20230331
1032,000977,000977.SZ,심천(선강퉁) 증권거래소,20230331,20230331
1033,002036,002036.SZ,심천(선강퉁) 증권거래소,20230331,20230331
1034,000517,000517.SZ,심천(선강퉁) 증권거래소,20230331,20230331
1035,600982,600982.SS,상해(후강퉁) 증권거래소,20230331,20230331
1036,002014,002014.SZ,심천(선강퉁) 증권거래소,20230331,20230331
1037,002011,002011.SZ,심천(선강퉁) 증권거래소,20230331,20230331
1038,600981,600981.SS,상해(후강퉁) 증권거래소,20230331,20230331
1039,600123,600123.SS,상해(후강퉁) 증권거래소,20230331,20230331
1040,600901,600901.SS,상해(후강퉁) 증권거래소,20230331,20230331
1041,600406,600406.SS,상해(후강퉁) 증권거래소,20230331,20230331
1042,600984,600984.SS,상해(후강퉁) 증권거래소,20230331,20230331
1043,000988,000988.SZ,심천(선강퉁) 증권거래소,20230331,20230331
1045,000906,000906.SZ,심천(선강퉁) 증권거래소,20230331,20230331
1046,000913,000913.SZ,심천(선강퉁) 증권거래소,20230331,20230331
1047,000768,000768.SZ,심천(선강퉁) 증권거래소,20230331,20230331
1048,002019,002019.SZ,심천(선강퉁) 증권거래소,20230331,20230331
1049,600814,600814.SS,상해(후강퉁) 증권거래소,20230331,20230331
1050,600383,600383.SS,상해(후강퉁) 증권거래소,20230331,20230331
1051,600643,600643.SS,상해(후강퉁) 증권거래소,20230331,20230331
1052,600588,600588.SS,상해(후강퉁) 증권거래소,20230331,20230331
1053,600638,600638.SS,상해(후강퉁) 증권거래소,20230331,20230331
1054,600866,600866.SS,상해(후강퉁) 증권거래소,20230331,20230331
1055,000402,000402.SZ,심천(선강퉁) 증권거래소,20230331,20230331
1056,600312,600312.SS,상해(후강퉁) 증권거래소,20230331,20230331
1057,600525,600525.SS,상해(후강퉁) 증권거래소,20230331,20230331
1059,002022,002022.SZ,심천(선강퉁) 증권거래소,20230331,20230331
1060,600500,600500.SS,상해(후강퉁) 증권거래소,20230331,20230331
1061,600004,600004.SS,상해(후강퉁) 증권거래소,20230331,20230331
1062,600490,600490.SS,상해(후강퉁) 증권거래소,20230331,20230331
1063,000731,000731.SZ,심천(선강퉁) 증권거래소,20230331,20230331
1064,600426,600426.SS,상해(후강퉁) 증권거래소,20230331,20230331
1065,000729,000729.SZ,심천(선강퉁) 증권거래소,20230331,20230331
1066,600089,600089.SS,상해(후강퉁) 증권거래소,20230331,20230331
1067,600436,600436.SS,상해(후강퉁) 증권거래소,20230331,20230331
1068,000410,000410.SZ,심천(선강퉁) 증권거래소,20230331,20230331
1069,600971,600971.SS,상해(후강퉁) 증권거래소,20230331,20230331
1070,600078,600078.SS,상해(후강퉁) 증권거래소,20230331,20230331
1071,000651,000651.SZ,심천(선강퉁) 증권거래소,20230331,20230331
1072,002791,002791.SZ,심천(선강퉁) 증권거래소,20230331,20230331
1073,600315,600315.SS,상해(후강퉁) 증권거래소,20230331,20230331
1074,600258,600258.SS,상해(후강퉁) 증권거래소,20230331,20230331
1075,000630,000630.SZ,심천(선강퉁) 증권거래소,20230331,20230331
1076,600535,600535.SS,상해(후강퉁) 증권거래소,20230331,20230331
1077,600469,600469.SS,상해(후강퉁) 증권거래소,20230331,20230331
1078,600271,600271.SS,상해(후강퉁) 증권거래소,20230331,20230331
1079,600151,600151.SS,상해(후강퉁) 증권거래소,20230331,20230331
1080,600012,600012.SS,상해(후강퉁) 증권거래소,20230331,20230331
1081,600207,600207.SS,상해(후강퉁) 증권거래소,20230331,20230331
1083,600816,600816.SS,상해(후강퉁) 증권거래소,20230331,20230331
1084,600398,600398.SS,상해(후강퉁) 증권거래소,20230331,20230331
1085,600581,600581.SS,상해(후강퉁) 증권거래소,20230331,20230331
1086,600705,600705.SS,상해(후강퉁) 증권거래소,20230331,20230331
1087,600511,600511.SS,상해(후강퉁) 증권거래소,20230331,20230331
1088,600050,600050.SS,상해(후강퉁) 증권거래소,20230331,20230331
1089,002195,002195.SZ,심천(선강퉁) 증권거래소,20230331,20230331
1090,600138,600138.SS,상해(후강퉁) 증권거래소,20230331,20230331
1091,600585,600585.SS,상해(후강퉁) 증권거래소,20230331,20230331
1092,600029,600029.SS,상해(후강퉁) 증권거래소,20230331,20230331
1093,600028,600028.SS,상해(후강퉁) 증권거래소,20230331,20230331
1094,600183,600183.SS,상해(후강퉁) 증권거래소,20230331,20230331
1095,600868,600868.SS,상해(후강퉁) 증권거래소,20230331,20230331
1096,600348,600348.SS,상해(후강퉁) 증권거래소,20230331,20230331
1097,600894,600894.SS,상해(후강퉁) 증권거래소,20230331,20230331
1098,600038,600038.SS,상해(후강퉁) 증권거래소,20230331,20230331
1099,600598,600598.SS,상해(후강퉁) 증권거래소,20230331,20230331
1100,600020,600020.SS,상해(후강퉁) 증권거래소,20230331,20230331
1101,600011,600011.SS,상해(후강퉁) 증권거래소,20230331,20230331
1102,600126,600126.SS,상해(후강퉁) 증권거래소,20230331,20230331
1105,600362,600362.SS,상해(후강퉁) 증권거래소,20230331,20230331
1106,600377,600377.SS,상해(후강퉁) 증권거래소,20230331,20230331
1107,600770,600770.SS,상해(후강퉁) 증권거래소,20230331,20230331
1108,600578,600578.SS,상해(후강퉁) 증권거래소,20230331,20230331
1109,600805,600805.SS,상해(후강퉁) 증권거래소,20230331,20230331
1110,600072,600072.SS,상해(후강퉁) 증권거래소,20230331,20230331
1111,600231,600231.SS,상해(후강퉁) 증권거래소,20230331,20230331
1112,300012,300012.SZ,심천(선강퉁) 증권거래소,20230331,20230331
1113,600724,600724.SS,상해(후강퉁) 증권거래소,20230331,20230331
1114,603008,603008.SS,상해(후강퉁) 증권거래소,20230331,20230331
1115,600583,600583.SS,상해(후강퉁) 증권거래소,20230331,20230331
1116,600811,600811.SS,상해(후강퉁) 증권거래소,20230331,20230331
1117,600748,600748.SS,상해(후강퉁) 증권거래소,20230331,20230331
1118,600060,600060.SS,상해(후강퉁) 증권거래소,20230331,20230331
1119,600196,600196.SS,상해(후강퉁) 증권거래소,20230331,20230331
1120,000598,000598.SZ,심천(선강퉁) 증권거래소,20230331,20230331
1121,600021,600021.SS,상해(후강퉁) 증권거래소,20230331,20230331
1122,600654,600654.SS,상해(후강퉁) 증권거래소,20230331,20230331
1123,600651,600651.SS,상해(후강퉁) 증권거래소,20230331,20230331
1124,600547,600547.SS,상해(후강퉁) 증권거래소,20230331,20230331
1125,600352,600352.SS,상해(후강퉁) 증권거래소,20230331,20230331
1126,600640,600640.SS,상해(후강퉁) 증권거래소,20230331,20230331
1127,600823,600823.SS,상해(후강퉁) 증권거래소,20230331,20230331
1128,600350,600350.SS,상해(후강퉁) 증권거래소,20230331,20230331
1129,600838,600838.SS,상해(후강퉁) 증권거래소,20230331,20230331
1130,600481,600481.SS,상해(후강퉁) 증권거래소,20230331,20230331
1131,600223,600223.SS,상해(후강퉁) 증권거래소,20230331,20230331
1132,600779,600779.SS,상해(후강퉁) 증권거래소,20230331,20230331
1133,002340,002340.SZ,심천(선강퉁) 증권거래소,20230331,20230331
1134,600635,600635.SS,상해(후강퉁) 증권거래소,20230331,20230331
1135,600620,600620.SS,상해(후강퉁) 증권거래소,20230331,20230331
1136,600088,600088.SS,상해(후강퉁) 증권거래소,20230331,20230331
1137,600345,600345.SS,상해(후강퉁) 증권거래소,20230331,20230331
1138,600057,600057.SS,상해(후강퉁) 증권거래소,20230331,20230331
1139,600153,600153.SS,상해(후강퉁) 증권거래소,20230331,20230331
1140,600601,600601.SS,상해(후강퉁) 증권거래소,20230331,20230331
1141,600489,600489.SS,상해(후강퉁) 증권거래소,20230331,20230331
1142,600120,600120.SS,상해(후강퉁) 증권거래소,20230331,20230331
1143,600226,600226.SS,상해(후강퉁) 증권거래소,20230331,20230331
1144,600875,600875.SS,상해(후강퉁) 증권거래소,20230331,20230331
1145,600269,600269.SS,상해(후강퉁) 증권거래소,20230331,20230331
1146,600022,600022.SS,상해(후강퉁) 증권거래소,20230331,20230331
1147,002252,002252.SZ,심천(선강퉁) 증권거래소,20230331,20230331
1148,000937,000937.SZ,심천(선강퉁) 증권거래소,20230331,20230331
1149,000717,000717.SZ,심천(선강퉁) 증권거래소,20230331,20230331
1150,000968,000968.SZ,심천(선강퉁) 증권거래소,20230331,20230331
1151,000895,000895.SZ,심천(선강퉁) 증권거래소,20230331,20230331
1152,002024,002024.SZ,심천(선강퉁) 증권거래소,20230331,20230331
1153,600780,600780.SS,상해(후강퉁) 증권거래소,20230331,20230331
1154,600879,600879.SS,상해(후강퉁) 증권거래소,20230331,20230331
1155,000543,000543.SZ,심천(선강퉁) 증권거래소,20230331,20230331
1156,000068,000068.SZ,심천(선강퉁) 증권거래소,20230331,20230331
1158,600860,600860.SS,상해(후강퉁) 증권거래소,20230331,20230331
1159,600289,600289.SS,상해(후강퉁) 증권거래소,20230331,20230331
1160,600757,600757.SS,상해(후강퉁) 증권거래소,20230331,20230331
1161,600333,600333.SS,상해(후강퉁) 증권거래소,20230331,20230331
1162,600035,600035.SS,상해(후강퉁) 증권거래소,20230331,20230331
1163,600694,600694.SS,상해(후강퉁) 증권거래소,20230331,20230331
1164,000636,000636.SZ,심천(선강퉁) 증권거래소,20230331,20230331
1165,600399,600399.SS,상해(후강퉁) 증권거래소,20230331,20230331
1166,600332,600332.SS,상해(후강퉁) 증권거래소,20230331,20230331
1167,600276,600276.SS,상해(후강퉁) 증권거래소,20230331,20230331
1168,603929,603929.SS,상해(후강퉁) 증권거래소,20230331,20230331
1170,000920,000920.SZ,심천(선강퉁) 증권거래소,20230331,20230331
1171,000900,000900.SZ,심천(선강퉁) 증권거래소,20230331,20230331
1172,002127,002127.SZ,심천(선강퉁) 증권거래소,20230331,20230331
1173,000518,000518.SZ,심천(선강퉁) 증권거래소,20230331,20230331
1174,600200,600200.SS,상해(후강퉁) 증권거래소,20230331,20230331
1175,000822,000822.SZ,심천(선강퉁) 증권거래소,20230331,20230331
1176,600741,600741.SS,상해(후강퉁) 증권거래소,20230331,20230331
1177,000783,000783.SZ,심천(선강퉁) 증권거래소,20230331,20230331
1178,000009,000009.SZ,심천(선강퉁) 증권거래소,20230331,20230331
1179,000938,000938.SZ,심천(선강퉁) 증권거래소,20230331,20230331
1181,000682,000682.SZ,심천(선강퉁) 증권거래소,20230331,20230331
1182,600160,600160.SS,상해(후강퉁) 증권거래소,20230331,20230331
1183,600750,600750.SS,상해(후강퉁) 증권거래소,20230331,20230331
1184,000969,000969.SZ,심천(선강퉁) 증권거래소,20230331,20230331
1185,600808,600808.SS,상해(후강퉁) 증권거래소,20230331,20230331
1186,603776,603776.SS,상해(후강퉁) 증권거래소,20230331,20230331
1187,600775,600775.SS,상해(후강퉁) 증권거래소,20230331,20230331
1188,600688,600688.SS,상해(후강퉁) 증권거래소,20230331,20230331
1189,600026,600026.SS,상해(후강퉁) 증권거래소,20230331,20230331
1190,603681,603681.SS,상해(후강퉁) 증권거래소,20230331,20230331
1191,600600,600600.SS,상해(후강퉁) 증권거래소,20230331,20230331
1192,600871,600871.SS,상해(후강퉁) 증권거래소,20230331,20230331
1193,600188,600188.SS,상해(후강퉁) 증권거래소,20230331,20230331
1194,600027,600027.SS,상해(후강퉁) 증권거래소,20230331,20230331
1195,000786,000786.SZ,심천(선강퉁) 증권거래소,20230331,20230331
1196,600386,600386.SS,상해(후강퉁) 증권거래소,20230331,20230331
1197,000728,000728.SZ,심천(선강퉁) 증권거래소,20230331,20230331
1198,300378,300378.SZ,심천(선강퉁) 증권거래소,20230331,20230331
1200,600584,600584.SS,상해(후강퉁) 증권거래소,20230331,20230331
1201,000926,000926.SZ,심천(선강퉁) 증권거래소,20230331,20230331
1202,000099,000099.SZ,심천(선강퉁) 증권거래소,20230331,20230331
1203,600132,600132.SS,상해(후강퉁) 증권거래소,20230331,20230331
1204,000708,000708.SZ,심천(선강퉁) 증권거래소,20230331,20230331
1205,600339,600339.SS,상해(후강퉁) 증권거래소,20230331,20230331
1206,600616,600616.SS,상해(후강퉁) 증권거래소,20230331,20230331
1207,601186,601186.SS,상해(후강퉁) 증권거래소,20230331,20230331
1209,000531,000531.SZ,심천(선강퉁) 증권거래소,20230331,20230331
1210,600685,600685.SS,상해(후강퉁) 증권거래소,20230331,20230331
1211,000533,000533.SZ,심천(선강퉁) 증권거래소,20230331,20230331
1212,000823,000823.SZ,심천(선강퉁) 증권거래소,20230331,20230331
1213,002008,002008.SZ,심천(선강퉁) 증권거래소,20230331,20230331
1214,000166,000166.SZ,심천(선강퉁) 증권거래소,20230331,20230331
1215,600829,600829.SS,상해(후강퉁) 증권거래소,20230331,20230331
1216,600874,600874.SS,상해(후강퉁) 증권거래소,20230331,20230331
1217,600150,600150.SS,상해(후강퉁) 증권거래소,20230331,20230331
1218,000917,000917.SZ,심천(선강퉁) 증권거래소,20230331,20230331
1220,600070,600070.SS,상해(후강퉁) 증권거래소,20230331,20230331
1221,600328,600328.SS,상해(후강퉁) 증권거래소,20230331,20230331
1222,600251,600251.SS,상해(후강퉁) 증권거래소,20230331,20230331
1223,000875,000875.SZ,심천(선강퉁) 증권거래소,20230331,20230331
1224,000617,000617.SZ,심천(선강퉁) 증권거래소,20230331,20230331
1225,600881,600881.SS,상해(후강퉁) 증권거래소,20230331,20230331
1227,000921,000921.SZ,심천(선강퉁) 증권거래소,20230331,20230331
1228,000626,000626.SZ,심천(선강퉁) 증권거래소,20230331,20230331
1229,600219,600219.SS,상해(후강퉁) 증권거래소,20230331,20230331
1230,000997,000997.SZ,심천(선강퉁) 증권거래소,20230331,20230331
1232,600395,600395.SS,상해(후강퉁) 증권거래소,20230331,20230331
1233,600662,600662.SS,상해(후강퉁) 증권거래소,20230331,20230331
1234,000821,000821.SZ,심천(선강퉁) 증권거래소,20230331,20230331
1235,600367,600367.SS,상해(후강퉁) 증권거래소,20230331,20230331
1236,600460,600460.SS,상해(후강퉁) 증권거래소,20230331,20230331
1237,300007,300007.SZ,심천(선강퉁) 증권거래소,20230331,20230331
1238,600809,600809.SS,상해(후강퉁) 증권거래소,20230331,20230331
1239,600810,600810.SS,상해(후강퉁) 증권거래소,20230331,20230331
1240,600736,600736.SS,상해(후강퉁) 증권거래소,20230331,20230331
1241,600820,600820.SS,상해(후강퉁) 증권거래소,20230331,20230331
1242,601258,601258.SS,상해(후강퉁) 증권거래소,20230331,20230331
1243,600825,600825.SS,상해(후강퉁) 증권거래소,20230331,20230331
1244,300502,300502.SZ,심천(선강퉁) 증권거래소,20230331,20230331
1245,600329,600329.SS,상해(후강퉁) 증권거래소,20230331,20230331
1246,600884,600884.SS,상해(후강퉁) 증권거래소,20230331,20230331
1247,600655,600655.SS,상해(후강퉁) 증권거래소,20230331,20230331
1248,300236,300236.SZ,심천(선강퉁) 증권거래소,20230331,20230331
1249,600621,600621.SS,상해(후강퉁) 증권거래소,20230331,20230331
1250,600550,600550.SS,상해(후강퉁) 증권거래소,20230331,20230331
1251,600305,600305.SS,상해(후강퉁) 증권거래소,20230331,20230331
1252,000951,000951.SZ,심천(선강퉁) 증권거래소,20230331,20230331
1254,000623,000623.SZ,심천(선강퉁) 증권거래소,20230331,20230331
1255,000905,000905.SZ,심천(선강퉁) 증권거래소,20230331,20230331
1256,600300,600300.SS,상해(후강퉁) 증권거래소,20230331,20230331
1257,600761,600761.SS,상해(후강퉁) 증권거래소,20230331,20230331
1258,600563,600563.SS,상해(후강퉁) 증권거래소,20230331,20230331
1259,000859,000859.SZ,심천(선강퉁) 증권거래소,20230331,20230331
1260,600125,600125.SS,상해(후강퉁) 증권거래소,20230331,20230331
1261,000931,000931.SZ,심천(선강퉁) 증권거래소,20230331,20230331
1262,000807,000807.SZ,심천(선강퉁) 증권거래소,20230331,20230331
1263,600155,600155.SS,상해(후강퉁) 증권거래소,20230331,20230331
1264,600787,600787.SS,상해(후강퉁) 증권거래소,20230331,20230331
1265,600470,600470.SS,상해(후강퉁) 증권거래소,20230331,20230331
1266,600556,600556.SS,상해(후강퉁) 증권거래소,20230331,20230331
1267,600298,600298.SS,상해(후강퉁) 증권거래소,20230331,20230331
1268,300659,300659.SZ,심천(선강퉁) 증권거래소,20230331,20230331
1269,600397,600397.SS,상해(후강퉁) 증권거래소,20230331,20230331
1270,600361,600361.SS,상해(후강퉁) 증권거래소,20230331,20230331
1271,600501,600501.SS,상해(후강퉁) 증권거래소,20230331,20230331
1272,603612,603612.SS,상해(후강퉁) 증권거래소,20230331,20230331
1273,000426,000426.SZ,심천(선강퉁) 증권거래소,20230331,20230331
1274,600318,600318.SS,상해(후강퉁) 증권거래소,20230331,20230331
1275,600456,600456.SS,상해(후강퉁) 증권거래소,20230331,20230331
1276,600176,600176.SS,상해(후강퉁) 증권거래소,20230331,20230331
1277,000848,000848.SZ,심천(선강퉁) 증권거래소,20230331,20230331
1278,600561,600561.SS,상해(후강퉁) 증권거래소,20230331,20230331
1280,000975,000975.SZ,심천(선강퉁) 증권거래소,20230331,20230331
1281,600118,600118.SS,상해(후강퉁) 증권거래소,20230331,20230331
1282,600372,600372.SS,상해(후강퉁) 증권거래소,20230331,20230331
1283,000005,000005.SZ,심천(선강퉁) 증권거래소,20230331,20230331
1284,000755,000755.SZ,심천(선강퉁) 증권거래소,20230331,20230331
1285,000616,000616.SZ,심천(선강퉁) 증권거래소,20230331,20230331
1286,000881,000881.SZ,심천(선강퉁) 증권거래소,20230331,20230331
1288,002040,002040.SZ,심천(선강퉁) 증권거래소,20230331,20230331
1289,000958,000958.SZ,심천(선강퉁) 증권거래소,20230331,20230331
1290,000158,000158.SZ,심천(선강퉁) 증권거래소,20230331,20230331
1291,600877,600877.SS,상해(후강퉁) 증권거래소,20230331,20230331
1292,300470,300470.SZ,심천(선강퉁) 증권거래소,20230331,20230331
1293,002017,002017.SZ,심천(선강퉁) 증권거래소,20230331,20230331
1294,002167,002167.SZ,심천(선강퉁) 증권거래소,20230331,20230331
1295,600802,600802.SS,상해(후강퉁) 증권거래소,20230331,20230331
1296,600067,600067.SS,상해(후강퉁) 증권거래소,20230331,20230331
1297,600674,600674.SS,상해(후강퉁) 증권거래소,20230331,20230331
1298,000151,000151.SZ,심천(선강퉁) 증권거래소,20230331,20230331
1299,000888,000888.SZ,심천(선강퉁) 증권거래소,20230331,20230331
1300,002031,002031.SZ,심천(선강퉁) 증권거래소,20230331,20230331
1301,688396,688396.SS,상해(후강퉁) 증권거래소,20230331,20230331
1302,002238,002238.SZ,심천(선강퉁) 증권거래소,20230331,20230331
1304,603628,603628.SS,상해(후강퉁) 증권거래소,20230331,20230331
1305,000735,000735.SZ,심천(선강퉁) 증권거래소,20230331,20230331
1306,600297,600297.SS,상해(후강퉁) 증권거래소,20230331,20230331
1307,000831,000831.SZ,심천(선강퉁) 증권거래소,20230331,20230331
1308,603315,603315.SS,상해(후강퉁) 증권거래소,20230331,20230331
1309,000555,000555.SZ,심천(선강퉁) 증권거래소,20230331,20230331
1310,600230,600230.SS,상해(후강퉁) 증권거래소,20230331,20230331
1311,002287,002287.SZ,심천(선강퉁) 증권거래소,20230331,20230331
1312,600595,600595.SS,상해(후강퉁) 증권거래소,20230331,20230331
1313,600066,600066.SS,상해(후강퉁) 증권거래소,20230331,20230331
1314,002048,002048.SZ,심천(선강퉁) 증권거래소,20230331,20230331
1315,002049,002049.SZ,심천(선강퉁) 증권거래소,20230331,20230331
1316,002044,002044.SZ,심천(선강퉁) 증권거래소,20230331,20230331
1317,600970,600970.SS,상해(후강퉁) 증권거래소,20230331,20230331
1318,002042,002042.SZ,심천(선강퉁) 증권거래소,20230331,20230331
1319,002050,002050.SZ,심천(선강퉁) 증권거래소,20230331,20230331
1320,002046,002046.SZ,심천(선강퉁) 증권거래소,20230331,20230331
1321,002047,002047.SZ,심천(선강퉁) 증권거래소,20230331,20230331
1322,002415,002415.SZ,심천(선강퉁) 증권거래소,20230331,20230331
1323,002045,002045.SZ,심천(선강퉁) 증권거래소,20230331,20230331
1324,002041,002041.SZ,심천(선강퉁) 증권거래소,20230331,20230331
1325,002039,002039.SZ,심천(선강퉁) 증권거래소,20230331,20230331
1326,002043,002043.SZ,심천(선강퉁) 증권거래소,20230331,20230331
1327,600331,600331.SS,상해(후강퉁) 증권거래소,20230331,20230331
1329,600438,600438.SS,상해(후강퉁) 증권거래소,20230331,20230331
1330,600201,600201.SS,상해(후강퉁) 증권거래소,20230331,20230331
1331,000987,000987.SZ,심천(선강퉁) 증권거래소,20230331,20230331
1332,600645,600645.SS,상해(후강퉁) 증권거래소,20230331,20230331
1333,600824,600824.SS,상해(후강퉁) 증권거래소,20230331,20230331
1334,600416,600416.SS,상해(후강퉁) 증권거래소,20230331,20230331
1335,600983,600983.SS,상해(후강퉁) 증권거래소,20230331,20230331
1336,600764,600764.SS,상해(후강퉁) 증권거래소,20230331,20230331
1338,600509,600509.SS,상해(후강퉁) 증권거래소,20230331,20230331
1339,600127,600127.SS,상해(후강퉁) 증권거래소,20230331,20230331
1340,300252,300252.SZ,심천(선강퉁) 증권거래소,20230331,20230331
1341,600668,600668.SS,상해(후강퉁) 증권거래소,20230331,20230331
1342,600368,600368.SS,상해(후강퉁) 증권거래소,20230331,20230331
1343,600396,600396.SS,상해(후강퉁) 증권거래소,20230331,20230331
1344,002489,002489.SZ,심천(선강퉁) 증권거래소,20230331,20230331
1345,600606,600606.SS,상해(후강퉁) 증권거래소,20230331,20230331
1346,600360,600360.SS,상해(후강퉁) 증권거래소,20230331,20230331
1347,600531,600531.SS,상해(후강퉁) 증권거래소,20230331,20230331
1349,000799,000799.SZ,심천(선강퉁) 증권거래소,20230331,20230331
1350,000607,000607.SZ,심천(선강퉁) 증권거래소,20230331,20230331
1351,600310,600310.SS,상해(후강퉁) 증권거래소,20230331,20230331
1353,600987,600987.SS,상해(후강퉁) 증권거래소,20230331,20230331
1354,002029,002029.SZ,심천(선강퉁) 증권거래소,20230331,20230331
1355,600268,600268.SS,상해(후강퉁) 증권거래소,20230331,20230331
1356,002782,002782.SZ,심천(선강퉁) 증권거래소,20230331,20230331
1357,002027,002027.SZ,심천(선강퉁) 증권거래소,20230331,20230331
1358,600477,600477.SS,상해(후강퉁) 증권거래소,20230331,20230331
1359,600370,600370.SS,상해(후강퉁) 증권거래소,20230331,20230331
1360,600966,600966.SS,상해(후강퉁) 증권거래소,20230331,20230331
1361,688003,688003.SS,상해(후강퉁) 증권거래소,20230331,20230331
1362,600626,600626.SS,상해(후강퉁) 증권거래소,20230331,20230331
1363,300422,300422.SZ,심천(선강퉁) 증권거래소,20230331,20230331
1364,600475,600475.SS,상해(후강퉁) 증권거래소,20230331,20230331
1365,002007,002007.SZ,심천(선강퉁) 증권거래소,20230331,20230331
1366,600596,600596.SS,상해(후강퉁) 증권거래소,20230331,20230331
1367,600590,600590.SS,상해(후강퉁) 증권거래소,20230331,20230331
1368,600197,600197.SS,상해(후강퉁) 증권거래소,20230331,20230331
1369,000723,000723.SZ,심천(선강퉁) 증권거래소,20230331,20230331
1370,000963,000963.SZ,심천(선강퉁) 증권거래소,20230331,20230331
1372,600179,600179.SS,상해(후강퉁) 증권거래소,20230331,20230331
1373,600586,600586.SS,상해(후강퉁) 증권거래소,20230331,20230331
1374,600480,600480.SS,상해(후강퉁) 증권거래소,20230331,20230331
1375,600439,600439.SS,상해(후강퉁) 증권거래소,20230331,20230331
1376,000737,000737.SZ,심천(선강퉁) 증권거래소,20230331,20230331
1377,000042,000042.SZ,심천(선강퉁) 증권거래소,20230331,20230331
1378,000501,000501.SZ,심천(선강퉁) 증권거래소,20230331,20230331
1379,000507,000507.SZ,심천(선강퉁) 증권거래소,20230331,20230331
1380,000525,000525.SZ,심천(선강퉁) 증권거래소,20230331,20230331
1381,300481,300481.SZ,심천(선강퉁) 증권거래소,20230331,20230331
1382,000756,000756.SZ,심천(선강퉁) 증권거래소,20230331,20230331
1383,001896,001896.SZ,심천(선강퉁) 증권거래소,20230331,20230331
1384,600528,600528.SS,상해(후강퉁) 증권거래소,20230331,20230331
1385,600287,600287.SS,상해(후강퉁) 증권거래소,20230331,20230331
1386,000627,000627.SZ,심천(선강퉁) 증권거래소,20230331,20230331
1387,002118,002118.SZ,심천(선강퉁) 증권거래소,20230331,20230331
1388,600059,600059.SS,상해(후강퉁) 증권거래소,20230331,20230331
1390,000420,000420.SZ,심천(선강퉁) 증권거래소,20230331,20230331
1391,000062,000062.SZ,심천(선강퉁) 증권거래소,20230331,20230331
1392,600162,600162.SS,상해(후강퉁) 증권거래소,20230331,20230331
1393,601567,601567.SS,상해(후강퉁) 증권거래소,20230331,20230331
1394,600755,600755.SS,상해(후강퉁) 증권거래소,20230331,20230331
1395,000830,000830.SZ,심천(선강퉁) 증권거래소,20230331,20230331
1396,000537,000537.SZ,심천(선강퉁) 증권거래소,20230331,20230331
1397,600292,600292.SS,상해(후강퉁) 증권거래소,20230331,20230331
1398,600084,600084.SS,상해(후강퉁) 증권거래소,20230331,20230331
1399,600082,600082.SS,상해(후강퉁) 증권거래소,20230331,20230331
1400,600830,600830.SS,상해(후강퉁) 증권거래소,20230331,20230331
1401,600872,600872.SS,상해(후강퉁) 증권거래소,20230331,20230331
1402,600867,600867.SS,상해(후강퉁) 증권거래소,20230331,20230331
1403,000762,000762.SZ,심천(선강퉁) 증권거래소,20230331,20230331
1404,601595,601595.SS,상해(후강퉁) 증권거래소,20230331,20230331
1405,600169,600169.SS,상해(후강퉁) 증권거래소,20230331,20230331
1406,600168,600168.SS,상해(후강퉁) 증권거래소,20230331,20230331
1407,600817,600817.SS,상해(후강퉁) 증권거래소,20230331,20230331
1408,002028,002028.SZ,심천(선강퉁) 증권거래소,20230331,20230331
1409,600409,600409.SS,상해(후강퉁) 증권거래소,20230331,20230331
1410,600388,600388.SS,상해(후강퉁) 증권거래소,20230331,20230331
1411,600846,600846.SS,상해(후강퉁) 증권거래소,20230331,20230331
1412,600880,600880.SS,상해(후강퉁) 증권거래소,20230331,20230331
1413,000532,000532.SZ,심천(선강퉁) 증권거래소,20230331,20230331
1414,002497,002497.SZ,심천(선강퉁) 증권거래소,20230331,20230331
1415,600106,600106.SS,상해(후강퉁) 증권거래소,20230331,20230331
1416,600622,600622.SS,상해(후강퉁) 증권거래소,20230331,20230331
1417,000852,000852.SZ,심천(선강퉁) 증권거래소,20230331,20230331
1418,600739,600739.SS,상해(후강퉁) 증권거래소,20230331,20230331
1419,002023,002023.SZ,심천(선강퉁) 증권거래소,20230331,20230331
1420,000727,000727.SZ,심천(선강퉁) 증권거래소,20230331,20230331
1421,600172,600172.SS,상해(후강퉁) 증권거래소,20230331,20230331
1422,600636,600636.SS,상해(후강퉁) 증권거래소,20230331,20230331
1423,600400,600400.SS,상해(후강퉁) 증권거래소,20230331,20230331
1424,600560,600560.SS,상해(후강퉁) 증권거래소,20230331,20230331
1425,600101,600101.SS,상해(후강퉁) 증권거래소,20230331,20230331
1426,600152,600152.SS,상해(후강퉁) 증권거래소,20230331,20230331
1427,600323,600323.SS,상해(후강퉁) 증권거래소,20230331,20230331
1428,600716,600716.SS,상해(후강퉁) 증권거래소,20230331,20230331
1429,600325,600325.SS,상해(후강퉁) 증권거래소,20230331,20230331
1430,600105,600105.SS,상해(후강퉁) 증권거래소,20230331,20230331
1431,600064,600064.SS,상해(후강퉁) 증권거래소,20230331,20230331
1432,600518,600518.SS,상해(후강퉁) 증권거래소,20230331,20230331
1433,600789,600789.SS,상해(후강퉁) 증권거래소,20230331,20230331
1434,600422,600422.SS,상해(후강퉁) 증권거래소,20230331,20230331
1435,600676,600676.SS,상해(후강퉁) 증권거래소,20230331,20230331
1436,002033,002033.SZ,심천(선강퉁) 증권거래소,20230331,20230331
1437,300508,300508.SZ,심천(선강퉁) 증권거래소,20230331,20230331
1438,000600,000600.SZ,심천(선강퉁) 증권거래소,20230331,20230331
1439,600861,600861.SS,상해(후강퉁) 증권거래소,20230331,20230331
1440,600756,600756.SS,상해(후강퉁) 증권거래소,20230331,20230331
1442,000563,000563.SZ,심천(선강퉁) 증권거래소,20230331,20230331
1443,000989,000989.SZ,심천(선강퉁) 증권거래소,20230331,20230331
1444,600790,600790.SS,상해(후강퉁) 증권거래소,20230331,20230331
1445,000032,000032.SZ,심천(선강퉁) 증권거래소,20230331,20230331
1446,000666,000666.SZ,심천(선강퉁) 증권거래소,20230331,20230331
1447,002122,002122.SZ,심천(선강퉁) 증권거래소,20230331,20230331
1448,300002,300002.SZ,심천(선강퉁) 증권거래소,20230331,20230331
1449,600682,600682.SS,상해(후강퉁) 증권거래소,20230331,20230331
1450,300133,300133.SZ,심천(선강퉁) 증권거래소,20230331,20230331
1451,600859,600859.SS,상해(후강퉁) 증권거래소,20230331,20230331
1452,300031,300031.SZ,심천(선강퉁) 증권거래소,20230331,20230331
1453,600330,600330.SS,상해(후강퉁) 증권거래소,20230331,20230331
1454,000046,000046.SZ,심천(선강퉁) 증권거래소,20230331,20230331
1455,600837,600837.SS,상해(후강퉁) 증권거래소,20230331,20230331
1456,600708,600708.SS,상해(후강퉁) 증권거래소,20230331,20230331
1457,002932,002932.SZ,심천(선강퉁) 증권거래소,20230331,20230331
1458,600702,600702.SS,상해(후강퉁) 증권거래소,20230331,20230331
1459,002032,002032.SZ,심천(선강퉁) 증권거래소,20230331,20230331
1460,600056,600056.SS,상해(후강퉁) 증권거래소,20230331,20230331
1461,600661,600661.SS,상해(후강퉁) 증권거래소,20230331,20230331
1462,600337,600337.SS,상해(후강퉁) 증권거래소,20230331,20230331
1463,600376,600376.SS,상해(후강퉁) 증권거래소,20230331,20230331
1464,000090,000090.SZ,심천(선강퉁) 증권거래소,20230331,20230331
1466,600290,600290.SS,상해(후강퉁) 증권거래소,20230331,20230331
1467,600261,600261.SS,상해(후강퉁) 증권거래소,20230331,20230331
1468,600112,600112.SS,상해(후강퉁) 증권거래소,20230331,20230331
1469,600420,600420.SS,상해(후강퉁) 증권거래소,20230331,20230331
1470,600729,600729.SS,상해(후강퉁) 증권거래소,20230331,20230331
1471,600316,600316.SS,상해(후강퉁) 증권거래소,20230331,20230331
1472,000519,000519.SZ,심천(선강퉁) 증권거래소,20230331,20230331
1473,002572,002572.SZ,심천(선강퉁) 증권거래소,20230331,20230331
1475,600403,600403.SS,상해(후강퉁) 증권거래소,20230331,20230331
1476,000683,000683.SZ,심천(선강퉁) 증권거래소,20230331,20230331
1477,600732,600732.SS,상해(후강퉁) 증권거래소,20230331,20230331
1478,000851,000851.SZ,심천(선강퉁) 증권거래소,20230331,20230331
1479,000797,000797.SZ,심천(선강퉁) 증권거래소,20230331,20230331
1480,600589,600589.SS,상해(후강퉁) 증권거래소,20230331,20230331
1481,600327,600327.SS,상해(후강퉁) 증권거래소,20230331,20230331
1482,600363,600363.SS,상해(후강퉁) 증권거래소,20230331,20230331
1483,600482,600482.SS,상해(후강퉁) 증권거래소,20230331,20230331
1484,600405,600405.SS,상해(후강퉁) 증권거래소,20230331,20230331
1485,600557,600557.SS,상해(후강퉁) 증권거래소,20230331,20230331
1486,000667,000667.SZ,심천(선강퉁) 증권거래소,20230331,20230331
1487,600487,600487.SS,상해(후강퉁) 증권거래소,20230331,20230331
1488,600673,600673.SS,상해(후강퉁) 증권거래소,20230331,20230331
1489,600686,600686.SS,상해(후강퉁) 증권거래소,20230331,20230331
1490,000582,000582.SZ,심천(선강퉁) 증권거래소,20230331,20230331
1491,002203,002203.SZ,심천(선강퉁) 증권거래소,20230331,20230331
1492,600075,600075.SS,상해(후강퉁) 증권거래소,20230331,20230331
1493,600778,600778.SS,상해(후강퉁) 증권거래소,20230331,20230331
1494,600389,600389.SS,상해(후강퉁) 증권거래소,20230331,20230331
1495,600855,600855.SS,상해(후강퉁) 증권거래소,20230331,20230331
1496,000561,000561.SZ,심천(선강퉁) 증권거래소,20230331,20230331
1497,600730,600730.SS,상해(후강퉁) 증권거래소,20230331,20230331
1498,600977,600977.SS,상해(후강퉁) 증권거래소,20230331,20230331
1499,600893,600893.SS,상해(후강퉁) 증권거래소,20230331,20230331
1500,600496,600496.SS,상해(후강퉁) 증권거래소,20230331,20230331
1501,600503,600503.SS,상해(후강퉁) 증권거래소,20230331,20230331
1502,600575,600575.SS,상해(후강퉁) 증권거래소,20230331,20230331
1503,600061,600061.SS,상해(후강퉁) 증권거래소,20230331,20230331
1504,001696,001696.SZ,심천(선강퉁) 증권거래소,20230331,20230331
1505,000589,000589.SZ,심천(선강퉁) 증권거래소,20230331,20230331
1506,000690,000690.SZ,심천(선강퉁) 증권거래소,20230331,20230331
1507,600704,600704.SS,상해(후강퉁) 증권거래소,20230331,20230331
1508,600728,600728.SS,상해(후강퉁) 증권거래소,20230331,20230331
1509,000639,000639.SZ,심천(선강퉁) 증권거래소,20230331,20230331
1510,000572,000572.SZ,심천(선강퉁) 증권거래소,20230331,20230331
1511,300113,300113.SZ,심천(선강퉁) 증권거래소,20230331,20230331
1512,000006,000006.SZ,심천(선강퉁) 증권거래소,20230331,20230331
1513,600826,600826.SS,상해(후강퉁) 증권거래소,20230331,20230331
1514,000818,000818.SZ,심천(선강퉁) 증권거래소,20230331,20230331
1515,600624,600624.SS,상해(후강퉁) 증권거래소,20230331,20230331
1516,002930,002930.SZ,심천(선강퉁) 증권거래소,20230331,20230331
1517,000889,000889.SZ,심천(선강퉁) 증권거래소,20230331,20230331
1518,600888,600888.SS,상해(후강퉁) 증권거래소,20230331,20230331
1519,000789,000789.SZ,심천(선강퉁) 증권거래소,20230331,20230331
1520,000993,000993.SZ,심천(선강퉁) 증권거래소,20230331,20230331
1521,600733,600733.SS,상해(후강퉁) 증권거래소,20230331,20230331
1522,603000,603000.SS,상해(후강퉁) 증권거래소,20230331,20230331
1523,600580,600580.SS,상해(후강퉁) 증권거래소,20230331,20230331
1524,000428,000428.SZ,심천(선강퉁) 증권거래소,20230331,20230331
1525,600720,600720.SS,상해(후강퉁) 증권거래소,20230331,20230331
1526,000686,000686.SZ,심천(선강퉁) 증권거래소,20230331,20230331
1527,600387,600387.SS,상해(후강퉁) 증권거래소,20230331,20230331
1528,000923,000923.SZ,심천(선강퉁) 증권거래소,20230331,20230331
1529,000829,000829.SZ,심천(선강퉁) 증권거래소,20230331,20230331
1530,601000,601000.SS,상해(후강퉁) 증권거래소,20230331,20230331
1531,000782,000782.SZ,심천(선강퉁) 증권거래소,20230331,20230331
1532,600278,600278.SS,상해(후강퉁) 증권거래소,20230331,20230331
1533,300323,300323.SZ,심천(선강퉁) 증권거래소,20230331,20230331
1536,600633,600633.SS,상해(후강퉁) 증권거래소,20230331,20230331
1537,600479,600479.SS,상해(후강퉁) 증권거래소,20230331,20230331
1538,000816,000816.SZ,심천(선강퉁) 증권거래소,20230331,20230331
1539,000049,000049.SZ,심천(선강퉁) 증권거래소,20230331,20230331
1540,002673,002673.SZ,심천(선강퉁) 증권거래소,20230331,20230331
1541,600507,600507.SS,상해(후강퉁) 증권거래소,20230331,20230331
1542,002777,002777.SZ,심천(선강퉁) 증권거래소,20230331,20230331
1543,000961,000961.SZ,심천(선강퉁) 증권거래소,20230331,20230331
1544,600567,600567.SS,상해(후강퉁) 증권거래소,20230331,20230331
1545,000635,000635.SZ,심천(선강퉁) 증권거래소,20230331,20230331
1546,600522,600522.SS,상해(후강퉁) 증권거래소,20230331,20230331
1547,000903,000903.SZ,심천(선강퉁) 증권거래소,20230331,20230331
1548,600321,600321.SS,상해(후강퉁) 증권거래소,20230331,20230331
1549,600163,600163.SS,상해(후강퉁) 증권거래소,20230331,20230331
1550,000882,000882.SZ,심천(선강퉁) 증권거래소,20230331,20230331
1551,600771,600771.SS,상해(후강퉁) 증권거래소,20230331,20230331
1552,600392,600392.SS,상해(후강퉁) 증권거래소,20230331,20230331
1553,600713,600713.SS,상해(후강퉁) 증권거래소,20230331,20230331
1554,000048,000048.SZ,심천(선강퉁) 증권거래소,20230331,20230331
1555,600979,600979.SS,상해(후강퉁) 증권거래소,20230331,20230331
1556,000785,000785.SZ,심천(선강퉁) 증권거래소,20230331,20230331
1557,000065,000065.SZ,심천(선강퉁) 증권거래소,20230331,20230331
1558,000928,000928.SZ,심천(선강퉁) 증권거래소,20230331,20230331
1559,600785,600785.SS,상해(후강퉁) 증권거래소,20230331,20230331
1560,000795,000795.SZ,심천(선강퉁) 증권거래소,20230331,20230331
1561,600378,600378.SS,상해(후강퉁) 증권거래소,20230331,20230331
1562,600499,600499.SS,상해(후강퉁) 증권거래소,20230331,20230331
1563,600526,600526.SS,상해(후강퉁) 증권거래소,20230331,20230331
1564,600570,600570.SS,상해(후강퉁) 증권거래소,20230331,20230331
1565,000415,000415.SZ,심천(선강퉁) 증권거래소,20230331,20230331
1566,600537,600537.SS,상해(후강퉁) 증권거래소,20230331,20230331
1567,600973,600973.SS,상해(후강퉁) 증권거래소,20230331,20230331
1568,000811,000811.SZ,심천(선강퉁) 증권거래소,20230331,20230331
1569,002038,002038.SZ,심천(선강퉁) 증권거래소,20230331,20230331
1570,600858,600858.SS,상해(후강퉁) 증권거래소,20230331,20230331
1571,300304,300304.SZ,심천(선강퉁) 증권거래소,20230331,20230331
1572,600821,600821.SS,상해(후강퉁) 증권거래소,20230331,20230331
1573,000777,000777.SZ,심천(선강퉁) 증권거래소,20230331,20230331
1574,600141,600141.SS,상해(후강퉁) 증권거래소,20230331,20230331
1575,001914,001914.SZ,심천(선강퉁) 증권거래소,20230331,20230331
1576,600055,600055.SS,상해(후강퉁) 증권거래소,20230331,20230331
1577,000935,000935.SZ,심천(선강퉁) 증권거래소,20230331,20230331
1578,600119,600119.SS,상해(후강퉁) 증권거래소,20230331,20230331
1579,000908,000908.SZ,심천(선강퉁) 증권거래소,20230331,20230331
1580,600699,600699.SS,상해(후강퉁) 증권거래소,20230331,20230331
1581,000656,000656.SZ,심천(선강퉁) 증권거래소,20230331,20230331
1582,600285,600285.SS,상해(후강퉁) 증권거래소,20230331,20230331
1583,300696,300696.SZ,심천(선강퉁) 증권거래소,20230331,20230331
1584,000750,000750.SZ,심천(선강퉁) 증권거래소,20230331,20230331
1585,600375,600375.SS,상해(후강퉁) 증권거래소,20230331,20230331
1586,000615,000615.SZ,심천(선강퉁) 증권거래소,20230331,20230331
1587,002015,002015.SZ,심천(선강퉁) 증권거래소,20230331,20230331
1588,002009,002009.SZ,심천(선강퉁) 증권거래소,20230331,20230331
1589,600338,600338.SS,상해(후강퉁) 증권거래소,20230331,20230331
1590,000925,000925.SZ,심천(선강퉁) 증권거래소,20230331,20230331
1591,600435,600435.SS,상해(후강퉁) 증권거래소,20230331,20230331
1592,000967,000967.SZ,심천(선강퉁) 증권거래소,20230331,20230331
1593,600185,600185.SS,상해(후강퉁) 증권거래소,20230331,20230331
1594,600864,600864.SS,상해(후강퉁) 증권거래소,20230331,20230331
1596,600527,600527.SS,상해(후강퉁) 증권거래소,20230331,20230331
1597,600743,600743.SS,상해(후강퉁) 증권거래소,20230331,20230331
1598,000739,000739.SZ,심천(선강퉁) 증권거래소,20230331,20230331
1599,600765,600765.SS,상해(후강퉁) 증권거래소,20230331,20230331
1600,002057,002057.SZ,심천(선강퉁) 증권거래소,20230331,20230331
1601,000971,000971.SZ,심천(선강퉁) 증권거래소,20230331,20230331
1602,000557,000557.SZ,심천(선강퉁) 증권거래소,20230331,20230331
1603,600882,600882.SS,상해(후강퉁) 증권거래소,20230331,20230331
1604,000721,000721.SZ,심천(선강퉁) 증권거래소,20230331,20230331
1605,600239,600239.SS,상해(후강퉁) 증권거래소,20230331,20230331
1607,000915,000915.SZ,심천(선강퉁) 증권거래소,20230331,20230331
1608,000524,000524.SZ,심천(선강퉁) 증권거래소,20230331,20230331
1609,600658,600658.SS,상해(후강퉁) 증권거래소,20230331,20230331
1610,600559,600559.SS,상해(후강퉁) 증권거래소,20230331,20230331
1611,600458,600458.SS,상해(후강퉁) 증권거래소,20230331,20230331
1612,000877,000877.SZ,심천(선강퉁) 증권거래소,20230331,20230331
1613,600869,600869.SS,상해(후강퉁) 증권거래소,20230331,20230331
1614,600738,600738.SS,상해(후강퉁) 증권거래소,20230331,20230331
1615,000957,000957.SZ,심천(선강퉁) 증권거래소,20230331,20230331
1616,000902,000902.SZ,심천(선강퉁) 증권거래소,20230331,20230331
1617,600545,600545.SS,상해(후강퉁) 증권거래소,20230331,20230331
1618,600666,600666.SS,상해(후강퉁) 증권거래소,20230331,20230331
1619,600452,600452.SS,상해(후강퉁) 증권거래소,20230331,20230331
1620,600273,600273.SS,상해(후강퉁) 증권거래소,20230331,20230331
1621,000712,000712.SZ,심천(선강퉁) 증권거래소,20230331,20230331
1622,600446,600446.SS,상해(후강퉁) 증권거래소,20230331,20230331
1623,000576,000576.SZ,심천(선강퉁) 증권거래소,20230331,20230331
1624,600693,600693.SS,상해(후강퉁) 증권거래소,20230331,20230331
1625,600850,600850.SS,상해(후강퉁) 증권거래소,20230331,20230331
1628,000564,000564.SZ,심천(선강퉁) 증권거래소,20230331,20230331
1629,600449,600449.SS,상해(후강퉁) 증권거래소,20230331,20230331
1630,600517,600517.SS,상해(후강퉁) 증권거래소,20230331,20230331
1631,601218,601218.SS,상해(후강퉁) 증권거래소,20230331,20230331
1632,600262,600262.SS,상해(후강퉁) 증권거래소,20230331,20230331
1633,600760,600760.SS,상해(후강퉁) 증권거래소,20230331,20230331
1634,600238,600238.SS,상해(후강퉁) 증권거래소,20230331,20230331
1635,600425,600425.SS,상해(후강퉁) 증권거래소,20230331,20230331
1636,600167,600167.SS,상해(후강퉁) 증권거래소,20230331,20230331
1637,000685,000685.SZ,심천(선강퉁) 증권거래소,20230331,20230331
1638,600199,600199.SS,상해(후강퉁) 증권거래소,20230331,20230331
1639,000965,000965.SZ,심천(선강퉁) 증권거래소,20230331,20230331
1640,002455,002455.SZ,심천(선강퉁) 증권거래소,20230331,20230331
1641,000826,000826.SZ,심천(선강퉁) 증권거래소,20230331,20230331
1642,600326,600326.SS,상해(후강퉁) 증권거래소,20230331,20230331
1643,603806,603806.SS,상해(후강퉁) 증권거래소,20230331,20230331
1644,600667,600667.SS,상해(후강퉁) 증권거래소,20230331,20230331
1645,600039,600039.SS,상해(후강퉁) 증권거래소,20230331,20230331
1646,600502,600502.SS,상해(후강퉁) 증권거래소,20230331,20230331
1647,002408,002408.SZ,심천(선강퉁) 증권거래소,20230331,20230331
1648,600684,600684.SS,상해(후강퉁) 증권거래소,20230331,20230331
1649,000837,000837.SZ,심천(선강퉁) 증권거래소,20230331,20230331
1650,000918,000918.SZ,심천(선강퉁) 증권거래소,20230331,20230331
1651,600833,600833.SS,상해(후강퉁) 증권거래소,20230331,20230331
1652,600079,600079.SS,상해(후강퉁) 증권거래소,20230331,20230331
1653,600157,600157.SS,상해(후강퉁) 증권거래소,20230331,20230331
1654,600657,600657.SS,상해(후강퉁) 증권거래소,20230331,20230331
1655,600577,600577.SS,상해(후강퉁) 증권거래소,20230331,20230331
1656,002035,002035.SZ,심천(선강퉁) 증권거래소,20230331,20230331
1657,600565,600565.SS,상해(후강퉁) 증권거래소,20230331,20230331
1659,600113,600113.SS,상해(후강퉁) 증권거래소,20230331,20230331
1660,000922,000922.SZ,심천(선강퉁) 증권거래소,20230331,20230331
1661,603345,603345.SS,상해(후강퉁) 증권거래소,20230331,20230331
1662,000523,000523.SZ,심천(선강퉁) 증권거래소,20230331,20230331
1663,600206,600206.SS,상해(후강퉁) 증권거래소,20230331,20230331
1664,600255,600255.SS,상해(후강퉁) 증권거래소,20230331,20230331
1665,300319,300319.SZ,심천(선강퉁) 증권거래소,20230331,20230331
1666,600211,600211.SS,상해(후강퉁) 증권거래소,20230331,20230331
1667,000417,000417.SZ,심천(선강퉁) 증권거래소,20230331,20230331
1668,600080,600080.SS,상해(후강퉁) 증권거래소,20230331,20230331
1669,600246,600246.SS,상해(후강퉁) 증권거래소,20230331,20230331
1670,000681,000681.SZ,심천(선강퉁) 증권거래소,20230331,20230331
1671,600225,600225.SS,상해(후강퉁) 증권거래소,20230331,20230331
1672,000552,000552.SZ,심천(선강퉁) 증권거래소,20230331,20230331
1673,600885,600885.SS,상해(후강퉁) 증권거래소,20230331,20230331
1674,600523,600523.SS,상해(후강퉁) 증권거래소,20230331,20230331
1675,600803,600803.SS,상해(후강퉁) 증권거래소,20230331,20230331
1676,000566,000566.SZ,심천(선강퉁) 증권거래소,20230331,20230331
1677,000697,000697.SZ,심천(선강퉁) 증권거래소,20230331,20230331
1678,000736,000736.SZ,심천(선강퉁) 증권거래소,20230331,20230331
1679,600691,600691.SS,상해(후강퉁) 증권거래소,20230331,20230331
1680,600313,600313.SS,상해(후강퉁) 증권거래소,20230331,20230331
1681,600381,600381.SS,상해(후강퉁) 증권거래소,20230331,20230331
1682,300712,300712.SZ,심천(선강퉁) 증권거래소,20230331,20230331
1683,600459,600459.SS,상해(후강퉁) 증권거래소,20230331,20230331
1684,000591,000591.SZ,심천(선강퉁) 증권거래소,20230331,20230331
1685,601369,601369.SS,상해(후강퉁) 증권거래소,20230331,20230331
1688,600742,600742.SS,상해(후강퉁) 증권거래소,20230331,20230331
1689,000901,000901.SZ,심천(선강퉁) 증권거래소,20230331,20230331
1690,600218,600218.SS,상해(후강퉁) 증권거래소,20230331,20230331
1691,600629,600629.SS,상해(후강퉁) 증권거래소,20230331,20230331
1692,002300,002300.SZ,심천(선강퉁) 증권거래소,20230331,20230331
1693,600193,600193.SS,상해(후강퉁) 증권거래소,20230331,20230331
1694,600391,600391.SS,상해(후강퉁) 증권거래소,20230331,20230331
1695,000516,000516.SZ,심천(선강퉁) 증권거래소,20230331,20230331
1696,000738,000738.SZ,심천(선강퉁) 증권거래소,20230331,20230331
1697,000403,000403.SZ,심천(선강퉁) 증권거래소,20230331,20230331
1698,600784,600784.SS,상해(후강퉁) 증권거래소,20230331,20230331
1699,603919,603919.SS,상해(후강퉁) 증권거래소,20230331,20230331
1700,600807,600807.SS,상해(후강퉁) 증권거래소,20230331,20230331
1701,600208,600208.SS,상해(후강퉁) 증권거래소,20230331,20230331
1702,000544,000544.SZ,심천(선강퉁) 증권거래소,20230331,20230331
1703,600343,600343.SS,상해(후강퉁) 증권거래소,20230331,20230331
1704,000981,000981.SZ,심천(선강퉁) 증권거래소,20230331,20230331
1705,600351,600351.SS,상해(후강퉁) 증권거래소,20230331,20230331
1706,600257,600257.SS,상해(후강퉁) 증권거래소,20230331,20230331
1707,000657,000657.SZ,심천(선강퉁) 증권거래소,20230331,20230331
1708,600746,600746.SS,상해(후강퉁) 증권거래소,20230331,20230331
1709,603585,603585.SS,상해(후강퉁) 증권거래소,20230331,20230331
1710,600782,600782.SS,상해(후강퉁) 증권거래소,20230331,20230331
1711,002556,002556.SZ,심천(선강퉁) 증권거래소,20230331,20230331
1712,000713,000713.SZ,심천(선강퉁) 증권거래소,20230331,20230331
1713,002034,002034.SZ,심천(선강퉁) 증권거래소,20230331,20230331
1714,002519,002519.SZ,심천(선강퉁) 증권거래소,20230331,20230331
1716,600696,600696.SS,상해(후강퉁) 증권거래소,20230331,20230331
1717,000948,000948.SZ,심천(선강퉁) 증권거래소,20230331,20230331
1718,600116,600116.SS,상해(후강퉁) 증권거래소,20230331,20230331
1719,600433,600433.SS,상해(후강퉁) 증권거래소,20230331,20230331
1720,600828,600828.SS,상해(후강퉁) 증권거래소,20230331,20230331
1721,600965,600965.SS,상해(후강퉁) 증권거래소,20230331,20230331
1722,600252,600252.SS,상해(후강퉁) 증권거래소,20230331,20230331
1723,600516,600516.SS,상해(후강퉁) 증권거래소,20230331,20230331
1724,600576,600576.SS,상해(후강퉁) 증권거래소,20230331,20230331
1725,600468,600468.SS,상해(후강퉁) 증권거래소,20230331,20230331
1726,600783,600783.SS,상해(후강퉁) 증권거래소,20230331,20230331
1727,000722,000722.SZ,심천(선강퉁) 증권거래소,20230331,20230331
1728,002037,002037.SZ,심천(선강퉁) 증권거래소,20230331,20230331
1729,002444,002444.SZ,심천(선강퉁) 증권거래소,20230331,20230331
1730,600697,600697.SS,상해(후강퉁) 증권거래소,20230331,20230331
1731,600486,600486.SS,상해(후강퉁) 증권거래소,20230331,20230331
1732,600095,600095.SS,상해(후강퉁) 증권거래소,20230331,20230331
1734,000409,000409.SZ,심천(선강퉁) 증권거래소,20230331,20230331
1735,600681,600681.SS,상해(후강퉁) 증권거래소,20230331,20230331
1736,600568,600568.SS,상해(후강퉁) 증권거래소,20230331,20230331
1737,600862,600862.SS,상해(후강퉁) 증권거래소,20230331,20230331
1738,000861,000861.SZ,심천(선강퉁) 증권거래소,20230331,20230331
1739,600773,600773.SS,상해(후강퉁) 증권거래소,20230331,20230331
1740,000801,000801.SZ,심천(선강퉁) 증권거래소,20230331,20230331
1741,000008,000008.SZ,심천(선강퉁) 증권거래소,20230331,20230331
1742,600173,600173.SS,상해(후강퉁) 증권거래소,20230331,20230331
1743,000156,000156.SZ,심천(선강퉁) 증권거래소,20230331,20230331
1744,000514,000514.SZ,심천(선강퉁) 증권거래소,20230331,20230331
1745,600478,600478.SS,상해(후강퉁) 증권거래소,20230331,20230331
1747,000034,000034.SZ,심천(선강퉁) 증권거래소,20230331,20230331
1748,000558,000558.SZ,심천(선강퉁) 증권거래소,20230331,20230331
1749,000863,000863.SZ,심천(선강퉁) 증권거래소,20230331,20230331
1751,000791,000791.SZ,심천(선강퉁) 증권거래소,20230331,20230331
1752,000719,000719.SZ,심천(선강퉁) 증권거래소,20230331,20230331
1753,000672,000672.SZ,심천(선강퉁) 증권거래소,20230331,20230331
1754,000887,000887.SZ,심천(선강퉁) 증권거래소,20230331,20230331
1755,600715,600715.SS,상해(후강퉁) 증권거래소,20230331,20230331
1756,300278,300278.SZ,심천(선강퉁) 증권거래소,20230331,20230331
1757,002901,002901.SZ,심천(선강퉁) 증권거래소,20230331,20230331
1758,600759,600759.SS,상해(후강퉁) 증권거래소,20230331,20230331
1759,600711,600711.SS,상해(후강퉁) 증권거래소,20230331,20230331
1760,000408,000408.SZ,심천(선강퉁) 증권거래소,20230331,20230331
1761,600248,600248.SS,상해(후강퉁) 증권거래소,20230331,20230331
1762,000546,000546.SZ,심천(선강퉁) 증권거래소,20230331,20230331
1763,600109,600109.SS,상해(후강퉁) 증권거래소,20230331,20230331
1764,600745,600745.SS,상해(후강퉁) 증권거래소,20230331,20230331
1765,600804,600804.SS,상해(후강퉁) 증권거래소,20230331,20230331
1766,000506,000506.SZ,심천(선강퉁) 증권거래소,20230331,20230331
1767,600053,600053.SS,상해(후강퉁) 증권거래소,20230331,20230331
1768,600551,600551.SS,상해(후강퉁) 증권거래소,20230331,20230331
1769,600346,600346.SS,상해(후강퉁) 증권거래소,20230331,20230331
1770,000856,000856.SZ,심천(선강퉁) 증권거래소,20230331,20230331
1771,600988,600988.SS,상해(후강퉁) 증권거래소,20230331,20230331
1772,600184,600184.SS,상해(후강퉁) 증권거래소,20230331,20230331
1773,600369,600369.SS,상해(후강퉁) 증권거래소,20230331,20230331
1774,000603,000603.SZ,심천(선강퉁) 증권거래소,20230331,20230331
1775,600763,600763.SS,상해(후강퉁) 증권거래소,20230331,20230331
1776,600552,600552.SS,상해(후강퉁) 증권거래소,20230331,20230331
1777,000802,000802.SZ,심천(선강퉁) 증권거래소,20230331,20230331
1778,600703,600703.SS,상해(후강퉁) 증권거래소,20230331,20230331
1779,000536,000536.SZ,심천(선강퉁) 증권거래소,20230331,20230331
1780,600353,600353.SS,상해(후강퉁) 증권거래소,20230331,20230331
1781,600758,600758.SS,상해(후강퉁) 증권거래소,20230331,20230331
1782,300256,300256.SZ,심천(선강퉁) 증권거래소,20230331,20230331
1784,000605,000605.SZ,심천(선강퉁) 증권거래소,20230331,20230331
1785,000710,000710.SZ,심천(선강퉁) 증권거래소,20230331,20230331
1786,002016,002016.SZ,심천(선강퉁) 증권거래소,20230331,20230331
1788,000631,000631.SZ,심천(선강퉁) 증권거래소,20230331,20230331
1789,000982,000982.SZ,심천(선강퉁) 증권거래소,20230331,20230331
1790,002532,002532.SZ,심천(선강퉁) 증권거래소,20230331,20230331
1791,600335,600335.SS,상해(후강퉁) 증권거래소,20230331,20230331
1792,000010,000010.SZ,심천(선강퉁) 증권거래소,20230331,20230331
1793,000669,000669.SZ,심천(선강퉁) 증권거래소,20230331,20230331
1794,000703,000703.SZ,심천(선강퉁) 증권거래소,20230331,20230331
1795,600515,600515.SS,상해(후강퉁) 증권거래소,20230331,20230331
1797,000592,000592.SZ,심천(선강퉁) 증권거래소,20230331,20230331
1798,600794,600794.SS,상해(후강퉁) 증권거래소,20230331,20230331
1799,600603,600603.SS,상해(후강퉁) 증권거래소,20230331,20230331
1800,600873,600873.SS,상해(후강퉁) 증권거래소,20230331,20230331
1801,600562,600562.SS,상해(후강퉁) 증권거래소,20230331,20230331
1802,000560,000560.SZ,심천(선강퉁) 증권거래소,20230331,20230331
1803,600340,600340.SS,상해(후강퉁) 증권거래소,20230331,20230331
1804,600587,600587.SS,상해(후강퉁) 증권거래소,20230331,20230331
1805,600566,600566.SS,상해(후강퉁) 증권거래소,20230331,20230331
1807,000980,000980.SZ,심천(선강퉁) 증권거래소,20230331,20230331
1808,000665,000665.SZ,심천(선강퉁) 증권거래소,20230331,20230331
1810,000776,000776.SZ,심천(선강퉁) 증권거래소,20230331,20230331
1811,000838,000838.SZ,심천(선강퉁) 증권거래소,20230331,20230331
1812,000595,000595.SZ,심천(선강퉁) 증권거래소,20230331,20230331
1813,600077,600077.SS,상해(후강퉁) 증권거래소,20230331,20230331
1814,000732,000732.SZ,심천(선강퉁) 증권거래소,20230331,20230331
1815,000718,000718.SZ,심천(선강퉁) 증권거래소,20230331,20230331
1816,600876,600876.SS,상해(후강퉁) 증권거래소,20230331,20230331
1817,300441,300441.SZ,심천(선강퉁) 증권거래소,20230331,20230331
1818,000661,000661.SZ,심천(선강퉁) 증권거래소,20230331,20230331
1819,002052,002052.SZ,심천(선강퉁) 증권거래소,20230331,20230331
1820,002053,002053.SZ,심천(선강퉁) 증권거래소,20230331,20230331
1821,601001,601001.SS,상해(후강퉁) 증권거래소,20230331,20230331
1822,601988,601988.SS,상해(후강퉁) 증권거래소,20230331,20230331
1823,002055,002055.SZ,심천(선강퉁) 증권거래소,20230331,20230331
1824,002056,002056.SZ,심천(선강퉁) 증권거래소,20230331,20230331
1825,600048,600048.SS,상해(후강퉁) 증권거래소,20230331,20230331
1826,601006,601006.SS,상해(후강퉁) 증권거래소,20230331,20230331
1827,002060,002060.SZ,심천(선강퉁) 증권거래소,20230331,20230331
1828,002061,002061.SZ,심천(선강퉁) 증권거래소,20230331,20230331
1829,002062,002062.SZ,심천(선강퉁) 증권거래소,20230331,20230331
1830,002063,002063.SZ,심천(선강퉁) 증권거래소,20230331,20230331
1831,002064,002064.SZ,심천(선강퉁) 증권거래소,20230331,20230331
1832,002065,002065.SZ,심천(선강퉁) 증권거래소,20230331,20230331
1833,601111,601111.SS,상해(후강퉁) 증권거래소,20230331,20230331
1834,002067,002067.SZ,심천(선강퉁) 증권거래소,20230331,20230331
1835,002068,002068.SZ,심천(선강퉁) 증권거래소,20230331,20230331
1836,601699,601699.SS,상해(후강퉁) 증권거래소,20230331,20230331
1837,601588,601588.SS,상해(후강퉁) 증권거래소,20230331,20230331
1838,002073,002073.SZ,심천(선강퉁) 증권거래소,20230331,20230331
1839,600017,600017.SS,상해(후강퉁) 증권거래소,20230331,20230331
1840,002074,002074.SZ,심천(선강퉁) 증권거래소,20230331,20230331
1841,002120,002120.SZ,심천(선강퉁) 증권거래소,20230331,20230331
1842,002075,002075.SZ,심천(선강퉁) 증권거래소,20230331,20230331
1843,002303,002303.SZ,심천(선강퉁) 증권거래소,20230331,20230331
1844,601398,601398.SS,상해(후강퉁) 증권거래소,20230331,20230331
1845,002077,002077.SZ,심천(선강퉁) 증권거래소,20230331,20230331
1846,002078,002078.SZ,심천(선강퉁) 증권거래소,20230331,20230331
1847,002079,002079.SZ,심천(선강퉁) 증권거래소,20230331,20230331
1848,300568,300568.SZ,심천(선강퉁) 증권거래소,20230331,20230331
1849,002080,002080.SZ,심천(선강퉁) 증권거래소,20230331,20230331
1850,002081,002081.SZ,심천(선강퉁) 증권거래소,20230331,20230331
1851,002082,002082.SZ,심천(선강퉁) 증권거래소,20230331,20230331
1852,600018,600018.SS,상해(후강퉁) 증권거래소,20230331,20230331
1853,601666,601666.SS,상해(후강퉁) 증권거래소,20230331,20230331
1854,002083,002083.SZ,심천(선강퉁) 증권거래소,20230331,20230331
1855,002086,002086.SZ,심천(선강퉁) 증권거래소,20230331,20230331
1856,300348,300348.SZ,심천(선강퉁) 증권거래소,20230331,20230331
1857,002088,002088.SZ,심천(선강퉁) 증권거래소,20230331,20230331
1858,002089,002089.SZ,심천(선강퉁) 증권거래소,20230331,20230331
1859,601872,601872.SS,상해(후강퉁) 증권거래소,20230331,20230331
1860,002339,002339.SZ,심천(선강퉁) 증권거래소,20230331,20230331
1861,002422,002422.SZ,심천(선강퉁) 증권거래소,20230331,20230331
1862,002090,002090.SZ,심천(선강퉁) 증권거래소,20230331,20230331
1863,002472,002472.SZ,심천(선강퉁) 증권거래소,20230331,20230331
1864,603986,603986.SS,상해(후강퉁) 증권거래소,20230331,20230331
1865,002091,002091.SZ,심천(선강퉁) 증권거래소,20230331,20230331
1866,002092,002092.SZ,심천(선강퉁) 증권거래소,20230331,20230331
1867,002093,002093.SZ,심천(선강퉁) 증권거래소,20230331,20230331
1868,002094,002094.SZ,심천(선강퉁) 증권거래소,20230331,20230331
1869,002095,002095.SZ,심천(선강퉁) 증권거래소,20230331,20230331
1870,601991,601991.SS,상해(후강퉁) 증권거래소,20230331,20230331
1872,002097,002097.SZ,심천(선강퉁) 증권거래소,20230331,20230331
1873,300679,300679.SZ,심천(선강퉁) 증권거래소,20230331,20230331
1874,002099,002099.SZ,심천(선강퉁) 증권거래소,20230331,20230331
1876,601010,601010.SS,상해(후강퉁) 증권거래소,20230331,20230331
1877,601333,601333.SS,상해(후강퉁) 증권거래소,20230331,20230331
1878,002101,002101.SZ,심천(선강퉁) 증권거래소,20230331,20230331
1879,002102,002102.SZ,심천(선강퉁) 증권거래소,20230331,20230331
1880,688187,688187.SS,상해(후강퉁) 증권거래소,20230331,20230331
1881,002104,002104.SZ,심천(선강퉁) 증권거래소,20230331,20230331
1882,601628,601628.SS,상해(후강퉁) 증권거래소,20230331,20230331
1883,002106,002106.SZ,심천(선강퉁) 증권거래소,20230331,20230331
1884,002107,002107.SZ,심천(선강퉁) 증권거래소,20230331,20230331
1885,002108,002108.SZ,심천(선강퉁) 증권거래소,20230331,20230331
1887,002110,002110.SZ,심천(선강퉁) 증권거래소,20230331,20230331
1888,002111,002111.SZ,심천(선강퉁) 증권거래소,20230331,20230331
1889,601166,601166.SS,상해(후강퉁) 증권거래소,20230331,20230331
1890,002115,002115.SZ,심천(선강퉁) 증권거래소,20230331,20230331
1891,002114,002114.SZ,심천(선강퉁) 증권거래소,20230331,20230331
1892,601003,601003.SS,상해(후강퉁) 증권거래소,20230331,20230331
1893,002595,002595.SZ,심천(선강퉁) 증권거래소,20230331,20230331
1894,601005,601005.SS,상해(후강퉁) 증권거래소,20230331,20230331
1896,002117,002117.SZ,심천(선강퉁) 증권거래소,20230331,20230331
1897,601318,601318.SS,상해(후강퉁) 증권거래소,20230331,20230331
1898,002121,002121.SZ,심천(선강퉁) 증권거래소,20230331,20230331
1899,002123,002123.SZ,심천(선강퉁) 증권거래소,20230331,20230331
1900,002124,002124.SZ,심천(선강퉁) 증권거래소,20230331,20230331
1901,002125,002125.SZ,심천(선강퉁) 증권거래소,20230331,20230331
1902,002126,002126.SZ,심천(선강퉁) 증권거래소,20230331,20230331
1903,002128,002128.SZ,심천(선강퉁) 증권거래소,20230331,20230331
1904,002129,002129.SZ,심천(선강퉁) 증권거래소,20230331,20230331
1905,002130,002130.SZ,심천(선강퉁) 증권거래소,20230331,20230331
1906,601998,601998.SS,상해(후강퉁) 증권거래소,20230331,20230331
1907,601008,601008.SS,상해(후강퉁) 증권거래소,20230331,20230331
1908,002385,002385.SZ,심천(선강퉁) 증권거래소,20230331,20230331
1909,002131,002131.SZ,심천(선강퉁) 증권거래소,20230331,20230331
1910,002132,002132.SZ,심천(선강퉁) 증권거래소,20230331,20230331
1911,601328,601328.SS,상해(후강퉁) 증권거래소,20230331,20230331
1912,002135,002135.SZ,심천(선강퉁) 증권거래소,20230331,20230331
1913,601600,601600.SS,상해(후강퉁) 증권거래소,20230331,20230331
1914,000338,000338.SZ,심천(선강퉁) 증권거래소,20230331,20230331
1915,002392,002392.SZ,심천(선강퉁) 증권거래소,20230331,20230331
1916,002137,002137.SZ,심천(선강퉁) 증권거래소,20230331,20230331
1917,002138,002138.SZ,심천(선강퉁) 증권거래소,20230331,20230331
1918,601919,601919.SS,상해(후강퉁) 증권거래소,20230331,20230331
1920,601168,601168.SS,상해(후강퉁) 증권거래소,20230331,20230331
1921,601009,601009.SS,상해(후강퉁) 증권거래소,20230331,20230331
1922,002141,002141.SZ,심천(선강퉁) 증권거래소,20230331,20230331
1923,002142,002142.SZ,심천(선강퉁) 증권거래소,20230331,20230331
1924,002145,002145.SZ,심천(선강퉁) 증권거래소,20230331,20230331
1925,002922,002922.SZ,심천(선강퉁) 증권거래소,20230331,20230331
1926,002146,002146.SZ,심천(선강퉁) 증권거래소,20230331,20230331
1927,002148,002148.SZ,심천(선강퉁) 증권거래소,20230331,20230331
1928,002149,002149.SZ,심천(선강퉁) 증권거래소,20230331,20230331
1930,002151,002151.SZ,심천(선강퉁) 증권거래소,20230331,20230331
1931,002152,002152.SZ,심천(선강퉁) 증권거래소,20230331,20230331
1932,002153,002153.SZ,심천(선강퉁) 증권거래소,20230331,20230331
1933,300049,300049.SZ,심천(선강퉁) 증권거래소,20230331,20230331
1934,002154,002154.SZ,심천(선강퉁) 증권거래소,20230331,20230331
1935,002156,002156.SZ,심천(선강퉁) 증권거래소,20230331,20230331
1936,002155,002155.SZ,심천(선강퉁) 증권거래소,20230331,20230331
1937,002158,002158.SZ,심천(선강퉁) 증권거래소,20230331,20230331
1939,002161,002161.SZ,심천(선강퉁) 증권거래소,20230331,20230331
1940,603399,603399.SS,상해(후강퉁) 증권거래소,20230331,20230331
1941,002163,002163.SZ,심천(선강퉁) 증권거래소,20230331,20230331
1942,002741,002741.SZ,심천(선강퉁) 증권거래소,20230331,20230331
1943,002166,002166.SZ,심천(선강퉁) 증권거래소,20230331,20230331
1944,002168,002168.SZ,심천(선강퉁) 증권거래소,20230331,20230331
1946,300366,300366.SZ,심천(선강퉁) 증권거래소,20230331,20230331
1947,002171,002171.SZ,심천(선강퉁) 증권거래소,20230331,20230331
1948,002172,002172.SZ,심천(선강퉁) 증권거래소,20230331,20230331
1949,002174,002174.SZ,심천(선강퉁) 증권거래소,20230331,20230331
1950,601808,601808.SS,상해(후강퉁) 증권거래소,20230331,20230331
1951,002175,002175.SZ,심천(선강퉁) 증권거래소,20230331,20230331
1952,002176,002176.SZ,심천(선강퉁) 증권거래소,20230331,20230331
1953,601088,601088.SS,상해(후강퉁) 증권거래소,20230331,20230331
1954,601788,601788.SS,상해(후강퉁) 증권거래소,20230331,20230331
1955,002178,002178.SZ,심천(선강퉁) 증권거래소,20230331,20230331
1956,002179,002179.SZ,심천(선강퉁) 증권거래소,20230331,20230331
1957,002181,002181.SZ,심천(선강퉁) 증권거래소,20230331,20230331
1958,002180,002180.SZ,심천(선강퉁) 증권거래소,20230331,20230331
1959,601857,601857.SS,상해(후강퉁) 증권거래소,20230331,20230331
1960,002183,002183.SZ,심천(선강퉁) 증권거래소,20230331,20230331
1961,002182,002182.SZ,심천(선강퉁) 증권거래소,20230331,20230331
1962,002184,002184.SZ,심천(선강퉁) 증권거래소,20230331,20230331
1963,002187,002187.SZ,심천(선강퉁) 증권거래소,20230331,20230331
1964,601390,601390.SS,상해(후강퉁) 증권거래소,20230331,20230331
1965,002189,002189.SZ,심천(선강퉁) 증권거래소,20230331,20230331
1966,002190,002190.SZ,심천(선강퉁) 증권거래소,20230331,20230331
1967,002191,002191.SZ,심천(선강퉁) 증권거래소,20230331,20230331
1968,002192,002192.SZ,심천(선강퉁) 증권거래소,20230331,20230331
1969,002194,002194.SZ,심천(선강퉁) 증권거래소,20230331,20230331
1970,002197,002197.SZ,심천(선강퉁) 증권거래소,20230331,20230331
1971,601918,601918.SS,상해(후강퉁) 증권거래소,20230331,20230331
1972,601866,601866.SS,상해(후강퉁) 증권거래소,20230331,20230331
1973,002201,002201.SZ,심천(선강퉁) 증권거래소,20230331,20230331
1974,002202,002202.SZ,심천(선강퉁) 증권거래소,20230331,20230331
1975,300016,300016.SZ,심천(선강퉁) 증권거래소,20230331,20230331
1976,601099,601099.SS,상해(후강퉁) 증권거래소,20230331,20230331
1977,002206,002206.SZ,심천(선강퉁) 증권거래소,20230331,20230331
1978,002208,002208.SZ,심천(선강퉁) 증권거래소,20230331,20230331
1980,002212,002212.SZ,심천(선강퉁) 증권거래소,20230331,20230331
1981,002214,002214.SZ,심천(선강퉁) 증권거래소,20230331,20230331
1982,002332,002332.SZ,심천(선강퉁) 증권거래소,20230331,20230331
1983,002215,002215.SZ,심천(선강퉁) 증권거래소,20230331,20230331
1984,601898,601898.SS,상해(후강퉁) 증권거래소,20230331,20230331
1985,002368,002368.SZ,심천(선강퉁) 증권거래소,20230331,20230331
1986,002217,002217.SZ,심천(선강퉁) 증권거래소,20230331,20230331
1987,002216,002216.SZ,심천(선강퉁) 증권거래소,20230331,20230331
1988,002218,002218.SZ,심천(선강퉁) 증권거래소,20230331,20230331
1989,002219,002219.SZ,심천(선강퉁) 증권거래소,20230331,20230331
1990,002221,002221.SZ,심천(선강퉁) 증권거래소,20230331,20230331
1991,002222,002222.SZ,심천(선강퉁) 증권거래소,20230331,20230331
1992,601018,601018.SS,상해(후강퉁) 증권거래소,20230331,20230331
1993,002223,002223.SZ,심천(선강퉁) 증권거래소,20230331,20230331
1994,601899,601899.SS,상해(후강퉁) 증권거래소,20230331,20230331
1995,002224,002224.SZ,심천(선강퉁) 증권거래소,20230331,20230331
1996,002226,002226.SZ,심천(선강퉁) 증권거래소,20230331,20230331
1997,002227,002227.SZ,심천(선강퉁) 증권거래소,20230331,20230331
1998,002490,002490.SZ,심천(선강퉁) 증권거래소,20230331,20230331
1999,002228,002228.SZ,심천(선강퉁) 증권거래소,20230331,20230331
